mean_fit_time;std_fit_time;mean_score_time;std_score_time;param_bootstrap;param_max_depth;param_max_features;param_min_samples_leaf;param_min_samples_split;param_n_estimators;params;split0_test_score;split1_test_score;split2_test_score;split3_test_score;split4_test_score;mean_test_score;std_test_score;rank_test_score
0.0035256385803222657;0.00014470806574738094;0.0;0.0;True;10;auto;1;2;100;{'bootstrap': True, 'max_depth': 10, 'max_features': 'auto', 'min_samples_leaf': 1, 'min_samples_split': 2, 'n_estimators': 100};;;;;;;;163
0.0033514022827148436;2.5371769892822852e-05;0.0;0.0;True;10;auto;1;2;200;{'bootstrap': True, 'max_depth': 10, 'max_features': 'auto', 'min_samples_leaf': 1, 'min_samples_split': 2, 'n_estimators': 200};;;;;;;;163
0.003378629684448242;6.810329787287268e-05;0.0;0.0;True;10;auto;1;2;300;{'bootstrap': True, 'max_depth': 10, 'max_features': 'auto', 'min_samples_leaf': 1, 'min_samples_split': 2, 'n_estimators': 300};;;;;;;;163
0.0033421039581298826;4.201809384097078e-05;0.0;0.0;True;10;auto;1;5;100;{'bootstrap': True, 'max_depth': 10, 'max_features': 'auto', 'min_samples_leaf': 1, 'min_samples_split': 5, 'n_estimators': 100};;;;;;;;163
0.003366231918334961;4.584858085961031e-05;0.0;0.0;True;10;auto;1;5;200;{'bootstrap': True, 'max_depth': 10, 'max_features': 'auto', 'min_samples_leaf': 1, 'min_samples_split': 5, 'n_estimators': 200};;;;;;;;163
0.003345632553100586;4.10555408665962e-05;0.0;0.0;True;10;auto;1;5;300;{'bootstrap': True, 'max_depth': 10, 'max_features': 'auto', 'min_samples_leaf': 1, 'min_samples_split': 5, 'n_estimators': 300};;;;;;;;163
0.0033595085144042967;4.024443467731537e-05;0.0;0.0;True;10;auto;1;10;100;{'bootstrap': True, 'max_depth': 10, 'max_features': 'auto', 'min_samples_leaf': 1, 'min_samples_split': 10, 'n_estimators': 100};;;;;;;;163
0.003322458267211914;4.951021132323491e-05;0.0;0.0;True;10;auto;1;10;200;{'bootstrap': True, 'max_depth': 10, 'max_features': 'auto', 'min_samples_leaf': 1, 'min_samples_split': 10, 'n_estimators': 200};;;;;;;;163
0.0033548355102539064;3.8321334986723474e-05;0.0;0.0;True;10;auto;1;10;300;{'bootstrap': True, 'max_depth': 10, 'max_features': 'auto', 'min_samples_leaf': 1, 'min_samples_split': 10, 'n_estimators': 300};;;;;;;;163
0.003364276885986328;2.8250096608422738e-05;0.0;0.0;True;10;auto;2;2;100;{'bootstrap': True, 'max_depth': 10, 'max_features': 'auto', 'min_samples_leaf': 2, 'min_samples_split': 2, 'n_estimators': 100};;;;;;;;163
0.003371858596801758;5.4529326130938986e-05;0.0;0.0;True;10;auto;2;2;200;{'bootstrap': True, 'max_depth': 10, 'max_features': 'auto', 'min_samples_leaf': 2, 'min_samples_split': 2, 'n_estimators': 200};;;;;;;;163
0.0033688068389892576;5.584787149455214e-05;0.0;0.0;True;10;auto;2;2;300;{'bootstrap': True, 'max_depth': 10, 'max_features': 'auto', 'min_samples_leaf': 2, 'min_samples_split': 2, 'n_estimators': 300};;;;;;;;163
0.003392648696899414;4.481442354905899e-05;0.0;0.0;True;10;auto;2;5;100;{'bootstrap': True, 'max_depth': 10, 'max_features': 'auto', 'min_samples_leaf': 2, 'min_samples_split': 5, 'n_estimators': 100};;;;;;;;163
0.0033360958099365235;6.067265208047946e-05;0.0;0.0;True;10;auto;2;5;200;{'bootstrap': True, 'max_depth': 10, 'max_features': 'auto', 'min_samples_leaf': 2, 'min_samples_split': 5, 'n_estimators': 200};;;;;;;;163
0.0033539772033691407;3.298272661880952e-05;0.0;0.0;True;10;auto;2;5;300;{'bootstrap': True, 'max_depth': 10, 'max_features': 'auto', 'min_samples_leaf': 2, 'min_samples_split': 5, 'n_estimators': 300};;;;;;;;163
0.003339719772338867;3.491131918769863e-05;0.0;0.0;True;10;auto;2;10;100;{'bootstrap': True, 'max_depth': 10, 'max_features': 'auto', 'min_samples_leaf': 2, 'min_samples_split': 10, 'n_estimators': 100};;;;;;;;163
0.0033449649810791014;5.506083904618011e-05;0.0;0.0;True;10;auto;2;10;200;{'bootstrap': True, 'max_depth': 10, 'max_features': 'auto', 'min_samples_leaf': 2, 'min_samples_split': 10, 'n_estimators': 200};;;;;;;;163
0.0034116268157958984;8.937187777816716e-05;0.0;0.0;True;10;auto;2;10;300;{'bootstrap': True, 'max_depth': 10, 'max_features': 'auto', 'min_samples_leaf': 2, 'min_samples_split': 10, 'n_estimators': 300};;;;;;;;163
0.003904294967651367;0.0001557761679320138;0.0;0.0;True;10;auto;4;2;100;{'bootstrap': True, 'max_depth': 10, 'max_features': 'auto', 'min_samples_leaf': 4, 'min_samples_split': 2, 'n_estimators': 100};;;;;;;;163
0.003612327575683594;0.00021879424503915072;0.0;0.0;True;10;auto;4;2;200;{'bootstrap': True, 'max_depth': 10, 'max_features': 'auto', 'min_samples_leaf': 4, 'min_samples_split': 2, 'n_estimators': 200};;;;;;;;163
0.003311920166015625;6.0928407839086304e-05;0.0;0.0;True;10;auto;4;2;300;{'bootstrap': True, 'max_depth': 10, 'max_features': 'auto', 'min_samples_leaf': 4, 'min_samples_split': 2, 'n_estimators': 300};;;;;;;;163
0.003381156921386719;4.7655717259135e-05;0.0;0.0;True;10;auto;4;5;100;{'bootstrap': True, 'max_depth': 10, 'max_features': 'auto', 'min_samples_leaf': 4, 'min_samples_split': 5, 'n_estimators': 100};;;;;;;;163
0.003444480895996094;1.2383452736047948e-05;0.0;0.0;True;10;auto;4;5;200;{'bootstrap': True, 'max_depth': 10, 'max_features': 'auto', 'min_samples_leaf': 4, 'min_samples_split': 5, 'n_estimators': 200};;;;;;;;163
0.0034400463104248048;5.282822041464487e-05;0.0;0.0;True;10;auto;4;5;300;{'bootstrap': True, 'max_depth': 10, 'max_features': 'auto', 'min_samples_leaf': 4, 'min_samples_split': 5, 'n_estimators': 300};;;;;;;;163
0.0034560680389404295;6.133846083202013e-05;0.0;0.0;True;10;auto;4;10;100;{'bootstrap': True, 'max_depth': 10, 'max_features': 'auto', 'min_samples_leaf': 4, 'min_samples_split': 10, 'n_estimators': 100};;;;;;;;163
0.0034456253051757812;6.930594756926253e-05;0.0;0.0;True;10;auto;4;10;200;{'bootstrap': True, 'max_depth': 10, 'max_features': 'auto', 'min_samples_leaf': 4, 'min_samples_split': 10, 'n_estimators': 200};;;;;;;;163
0.003391265869140625;8.61977305619545e-05;0.0;0.0;True;10;auto;4;10;300;{'bootstrap': True, 'max_depth': 10, 'max_features': 'auto', 'min_samples_leaf': 4, 'min_samples_split': 10, 'n_estimators': 300};;;;;;;;163
3.5803536415100097;0.03249419015887662;0.14098596572875977;0.0038640559385253502;True;10;sqrt;1;2;100;{'bootstrap': True, 'max_depth': 10, 'max_features': 'sqrt', 'min_samples_leaf': 1, 'min_samples_split': 2, 'n_estimators': 100};0.6763408896623277;0.6741814367688634;0.6798357766867416;0.6795098468785051;0.6704555846723252;0.6760647069337525;0.0034978619834979893;136
7.12219557762146;0.034357747345888756;0.2799049377441406;0.00533655660495422;True;10;sqrt;1;2;200;{'bootstrap': True, 'max_depth': 10, 'max_features': 'sqrt', 'min_samples_leaf': 1, 'min_samples_split': 2, 'n_estimators': 200};0.6766433111396721;0.6737202250915835;0.6811661241507629;0.6792628116017587;0.671394848001498;0.676437463997055;0.0035551807923325015;123
10.664900922775269;0.04339366647243585;0.4197994709014893;0.004820624935079816;True;10;sqrt;1;2;300;{'bootstrap': True, 'max_depth': 10, 'max_features': 'sqrt', 'min_samples_leaf': 1, 'min_samples_split': 2, 'n_estimators': 300};0.6760225116630378;0.6737030147397414;0.6816906797259292;0.6800194087961254;0.6717059955370646;0.6766283220923797;0.0037491508890184233;119
3.5414355278015135;0.032585821474394226;0.14275064468383789;0.002873881794747217;True;10;sqrt;1;5;100;{'bootstrap': True, 'max_depth': 10, 'max_features': 'sqrt', 'min_samples_leaf': 1, 'min_samples_split': 5, 'n_estimators': 100};0.676193845022949;0.6735301174084815;0.681427023629709;0.6787822437621771;0.6711145293065957;0.6762095518259825;0.003660044420376652;128
7.070674467086792;0.02938655923160363;0.2802873134613037;0.004700762302997974;True;10;sqrt;1;5;200;{'bootstrap': True, 'max_depth': 10, 'max_features': 'sqrt', 'min_samples_leaf': 1, 'min_samples_split': 5, 'n_estimators': 200};0.6759002274619201;0.6719401070365576;0.6807511446609825;0.6780940549088569;0.6711150098322143;0.6755601087801063;0.003642711476291241;149
10.602293634414673;0.036206658973276316;0.42438230514526365;0.009926049648053352;True;10;sqrt;1;5;300;{'bootstrap': True, 'max_depth': 10, 'max_features': 'sqrt', 'min_samples_leaf': 1, 'min_samples_split': 5, 'n_estimators': 300};0.6763923910856187;0.6727447319372031;0.6811675317955636;0.6784036897414458;0.6710275801333263;0.6759471849386315;0.0036862680947805527;142
3.5518781185150146;0.023819696745412882;0.14104180335998534;0.005948679646099011;True;10;sqrt;1;10;100;{'bootstrap': True, 'max_depth': 10, 'max_features': 'sqrt', 'min_samples_leaf': 1, 'min_samples_split': 10, 'n_estimators': 100};0.6748749931560101;0.672646571564456;0.6808079288017914;0.677588301845903;0.67041402517104;0.67526636410784;0.003651356226570684;152
7.1009056091308596;0.037271915344479024;0.2856463432312012;0.010336477871136231;True;10;sqrt;1;10;200;{'bootstrap': True, 'max_depth': 10, 'max_features': 'sqrt', 'min_samples_leaf': 1, 'min_samples_split': 10, 'n_estimators': 200};0.6764930762783575;0.6740762780026299;0.6803891675159432;0.6796160402602355;0.6709681955468476;0.6763085515208027;0.0034964955322698593;126
10.663177394866944;0.07108942343443436;0.4188871383666992;0.006428954459376788;True;10;sqrt;1;10;300;{'bootstrap': True, 'max_depth': 10, 'max_features': 'sqrt', 'min_samples_leaf': 1, 'min_samples_split': 10, 'n_estimators': 300};0.6756773559347555;0.6727912890547421;0.6812358175177557;0.678876374434916;0.6721769243329389;0.6761515522550217;0.0034810431545212474;131
3.5672226428985594;0.02898450328959842;0.141526460647583;0.005637502926600102;True;10;sqrt;2;2;100;{'bootstrap': True, 'max_depth': 10, 'max_features': 'sqrt', 'min_samples_leaf': 2, 'min_samples_split': 2, 'n_estimators': 100};0.6736334653676952;0.6730789313091473;0.6804902903659;0.6765870578866255;0.6706842189516131;0.6748947927761962;0.0033701805919437253;157
7.145377826690674;0.05642136816285498;0.27901134490966795;0.0022238535088617067;True;10;sqrt;2;2;200;{'bootstrap': True, 'max_depth': 10, 'max_features': 'sqrt', 'min_samples_leaf': 2, 'min_samples_split': 2, 'n_estimators': 200};0.6762512670566021;0.6731166387908547;0.6814140594826612;0.6778866706173713;0.6717028780443046;0.6760743027983589;0.003455028962810088;134
10.674442052841187;0.026017506067085104;0.4223174571990967;0.008674967181697017;True;10;sqrt;2;2;300;{'bootstrap': True, 'max_depth': 10, 'max_features': 'sqrt', 'min_samples_leaf': 2, 'min_samples_split': 2, 'n_estimators': 300};0.6760158638828873;0.6729156462410992;0.6805120145369419;0.6775451382335034;0.6721497155482481;0.675827675688536;0.0030638351500310535;144
3.5460068702697756;0.02604858237946773;0.13930134773254393;0.002786711668782652;True;10;sqrt;2;5;100;{'bootstrap': True, 'max_depth': 10, 'max_features': 'sqrt', 'min_samples_leaf': 2, 'min_samples_split': 5, 'n_estimators': 100};0.6761073418973802;0.6721303421377812;0.6793328157489336;0.6796069834518068;0.6709783347456952;0.6756311635963194;0.0035676514727311604;148
7.073637056350708;0.02795915586145008;0.2751920223236084;0.004025146252029132;True;10;sqrt;2;5;200;{'bootstrap': True, 'max_depth': 10, 'max_features': 'sqrt', 'min_samples_leaf': 2, 'min_samples_split': 5, 'n_estimators': 200};0.6751344911916628;0.673192452233315;0.6816178501556367;0.6772500898835967;0.6709618018761295;0.6756313370680682;0.0036457721705080285;147
10.633038330078126;0.026536419396862958;0.4225630760192871;0.005992565591703408;True;10;sqrt;2;5;300;{'bootstrap': True, 'max_depth': 10, 'max_features': 'sqrt', 'min_samples_leaf': 2, 'min_samples_split': 5, 'n_estimators': 300};0.6760022215602453;0.6735421166742862;0.6811109610944757;0.6786845333290681;0.6713059662944411;0.6761291597905033;0.0035020102528057298;132
3.5742844104766847;0.024446853631287926;0.14273738861083984;0.0016744124894461777;True;10;sqrt;2;10;100;{'bootstrap': True, 'max_depth': 10, 'max_features': 'sqrt', 'min_samples_leaf': 2, 'min_samples_split': 10, 'n_estimators': 100};0.6754600034259881;0.6729136870450007;0.6794279366537006;0.6786483230110607;0.6705614924482066;0.6754022885167913;0.0033577479873854515;150
7.053408813476563;0.035692428839691565;0.28282666206359863;0.002648638912355064;True;10;sqrt;2;10;200;{'bootstrap': True, 'max_depth': 10, 'max_features': 'sqrt', 'min_samples_leaf': 2, 'min_samples_split': 10, 'n_estimators': 200};0.6763773199509513;0.6724919059052162;0.6808464998750565;0.6775966131763419;0.6711752480447848;0.6756975173904701;0.003501644812971387;145
10.573240327835084;0.0488161284380689;0.414078950881958;0.008957672713613299;True;10;sqrt;2;10;300;{'bootstrap': True, 'max_depth': 10, 'max_features': 'sqrt', 'min_samples_leaf': 2, 'min_samples_split': 10, 'n_estimators': 300};0.675769455523691;0.6731172406298149;0.6803388238888466;0.6791804806393431;0.6715104265364076;0.6759832854436206;0.003389960919557246;140
3.5172000885009767;0.025102066607560952;0.14119243621826172;0.002061399303618744;True;10;sqrt;4;2;100;{'bootstrap': True, 'max_depth': 10, 'max_features': 'sqrt', 'min_samples_leaf': 4, 'min_samples_split': 2, 'n_estimators': 100};0.6726535335821193;0.6720849255629286;0.67847096925542;0.6775380717586749;0.669957671041379;0.6741410342401044;0.0032932953068847332;162
7.045770311355591;0.008587707265699872;0.28066039085388184;0.006719816121424266;True;10;sqrt;4;2;200;{'bootstrap': True, 'max_depth': 10, 'max_features': 'sqrt', 'min_samples_leaf': 4, 'min_samples_split': 2, 'n_estimators': 200};0.6743940362679427;0.6734432271291684;0.6788794047991089;0.6780183985809833;0.6709504200022538;0.6751370973558913;0.002941304647197962;156
10.591383123397828;0.039910650451468396;0.4192350387573242;0.0038329276520752786;True;10;sqrt;4;2;300;{'bootstrap': True, 'max_depth': 10, 'max_features': 'sqrt', 'min_samples_leaf': 4, 'min_samples_split': 2, 'n_estimators': 300};0.6737092392010892;0.6729352150451597;0.6794699308449588;0.678824300954928;0.6713451141816025;0.6752567600455477;0.0032730267839689805;153
3.5339927673339844;0.025008067799143947;0.1416921615600586;0.0009063339586626006;True;10;sqrt;4;5;100;{'bootstrap': True, 'max_depth': 10, 'max_features': 'sqrt', 'min_samples_leaf': 4, 'min_samples_split': 5, 'n_estimators': 100};0.6728246133660859;0.6728815418520684;0.6791166998132443;0.6761315984005498;0.6704842291775162;0.6742877365218929;0.003010099467925034;161
7.085967636108398;0.046546019556018677;0.28717541694641113;0.008088556507014764;True;10;sqrt;4;5;200;{'bootstrap': True, 'max_depth': 10, 'max_features': 'sqrt', 'min_samples_leaf': 4, 'min_samples_split': 5, 'n_estimators': 200};0.6747395696450786;0.6725842867866303;0.6794834332000019;0.6783178611134446;0.6707407433057052;0.6751731788101722;0.003316750910527732;155
10.619172382354737;0.040964185983758464;0.42117977142333984;0.004451488705296928;True;10;sqrt;4;5;300;{'bootstrap': True, 'max_depth': 10, 'max_features': 'sqrt', 'min_samples_leaf': 4, 'min_samples_split': 5, 'n_estimators': 300};0.6753867696306975;0.672314916951005;0.6795700946431805;0.6782160423568611;0.6707234131721834;0.6752422473507854;0.0033640371941173093;154
3.526116371154785;0.03468760952920359;0.14079594612121582;0.001231594411949153;True;10;sqrt;4;10;100;{'bootstrap': True, 'max_depth': 10, 'max_features': 'sqrt', 'min_samples_leaf': 4, 'min_samples_split': 10, 'n_estimators': 100};0.6745313360026359;0.670105853838847;0.6800724236016921;0.6768326605876291;0.6700804777382755;0.674324550353816;0.003877653330935029;160
7.086079263687134;0.050741525577371736;0.28247694969177245;0.0038281111832107156;True;10;sqrt;4;10;200;{'bootstrap': True, 'max_depth': 10, 'max_features': 'sqrt', 'min_samples_leaf': 4, 'min_samples_split': 10, 'n_estimators': 200};0.6742608311163361;0.6714873017470625;0.6789298842863067;0.6782142863251017;0.6707884438876438;0.6747361494724903;0.0033481387701662685;159
10.614741230010987;0.023365270208759285;0.4151457786560059;0.006071102185842185;True;10;sqrt;4;10;300;{'bootstrap': True, 'max_depth': 10, 'max_features': 'sqrt', 'min_samples_leaf': 4, 'min_samples_split': 10, 'n_estimators': 300};0.6740439320537803;0.6714609974371651;0.680045074537813;0.6784263184583087;0.6704259572614859;0.6748804559497106;0.003781043596715921;158
0.003918075561523437;0.00035499610850643507;0.0;0.0;True;20;auto;1;2;100;{'bootstrap': True, 'max_depth': 20, 'max_features': 'auto', 'min_samples_leaf': 1, 'min_samples_split': 2, 'n_estimators': 100};;;;;;;;163
0.003378438949584961;4.12970711428368e-05;0.0;0.0;True;20;auto;1;2;200;{'bootstrap': True, 'max_depth': 20, 'max_features': 'auto', 'min_samples_leaf': 1, 'min_samples_split': 2, 'n_estimators': 200};;;;;;;;163
0.003364706039428711;3.927430689257704e-05;0.0;0.0;True;20;auto;1;2;300;{'bootstrap': True, 'max_depth': 20, 'max_features': 'auto', 'min_samples_leaf': 1, 'min_samples_split': 2, 'n_estimators': 300};;;;;;;;163
0.0033498287200927736;3.805309904603357e-05;0.0;0.0;True;20;auto;1;5;100;{'bootstrap': True, 'max_depth': 20, 'max_features': 'auto', 'min_samples_leaf': 1, 'min_samples_split': 5, 'n_estimators': 100};;;;;;;;163
0.003403186798095703;3.12111684770282e-05;0.0;0.0;True;20;auto;1;5;200;{'bootstrap': True, 'max_depth': 20, 'max_features': 'auto', 'min_samples_leaf': 1, 'min_samples_split': 5, 'n_estimators': 200};;;;;;;;163
0.0034430980682373046;7.179758483308626e-05;0.0;0.0;True;20;auto;1;5;300;{'bootstrap': True, 'max_depth': 20, 'max_features': 'auto', 'min_samples_leaf': 1, 'min_samples_split': 5, 'n_estimators': 300};;;;;;;;163
0.003399658203125;6.538259940016738e-05;0.0;0.0;True;20;auto;1;10;100;{'bootstrap': True, 'max_depth': 20, 'max_features': 'auto', 'min_samples_leaf': 1, 'min_samples_split': 10, 'n_estimators': 100};;;;;;;;163
0.0033589839935302735;3.672469653624931e-05;0.0;0.0;True;20;auto;1;10;200;{'bootstrap': True, 'max_depth': 20, 'max_features': 'auto', 'min_samples_leaf': 1, 'min_samples_split': 10, 'n_estimators': 200};;;;;;;;163
0.003426361083984375;2.678594272763489e-05;0.0;0.0;True;20;auto;1;10;300;{'bootstrap': True, 'max_depth': 20, 'max_features': 'auto', 'min_samples_leaf': 1, 'min_samples_split': 10, 'n_estimators': 300};;;;;;;;163
0.0033234596252441407;4.715618147059611e-05;0.0;0.0;True;20;auto;2;2;100;{'bootstrap': True, 'max_depth': 20, 'max_features': 'auto', 'min_samples_leaf': 2, 'min_samples_split': 2, 'n_estimators': 100};;;;;;;;163
0.0033176898956298827;5.16662687784943e-05;0.0;0.0;True;20;auto;2;2;200;{'bootstrap': True, 'max_depth': 20, 'max_features': 'auto', 'min_samples_leaf': 2, 'min_samples_split': 2, 'n_estimators': 200};;;;;;;;163
0.003351449966430664;6.0069938337878694e-05;0.0;0.0;True;20;auto;2;2;300;{'bootstrap': True, 'max_depth': 20, 'max_features': 'auto', 'min_samples_leaf': 2, 'min_samples_split': 2, 'n_estimators': 300};;;;;;;;163
0.003413820266723633;0.00011105808690428019;0.0;0.0;True;20;auto;2;5;100;{'bootstrap': True, 'max_depth': 20, 'max_features': 'auto', 'min_samples_leaf': 2, 'min_samples_split': 5, 'n_estimators': 100};;;;;;;;163
0.003359079360961914;2.0020347526237637e-05;0.0;0.0;True;20;auto;2;5;200;{'bootstrap': True, 'max_depth': 20, 'max_features': 'auto', 'min_samples_leaf': 2, 'min_samples_split': 5, 'n_estimators': 200};;;;;;;;163
0.0033714771270751953;6.275148014824886e-05;0.0;0.0;True;20;auto;2;5;300;{'bootstrap': True, 'max_depth': 20, 'max_features': 'auto', 'min_samples_leaf': 2, 'min_samples_split': 5, 'n_estimators': 300};;;;;;;;163
0.003348636627197266;5.068005137614657e-05;0.0;0.0;True;20;auto;2;10;100;{'bootstrap': True, 'max_depth': 20, 'max_features': 'auto', 'min_samples_leaf': 2, 'min_samples_split': 10, 'n_estimators': 100};;;;;;;;163
0.003382253646850586;5.3430108923779794e-05;0.0;0.0;True;20;auto;2;10;200;{'bootstrap': True, 'max_depth': 20, 'max_features': 'auto', 'min_samples_leaf': 2, 'min_samples_split': 10, 'n_estimators': 200};;;;;;;;163
0.0034592151641845703;0.00010603061530657365;0.0;0.0;True;20;auto;2;10;300;{'bootstrap': True, 'max_depth': 20, 'max_features': 'auto', 'min_samples_leaf': 2, 'min_samples_split': 10, 'n_estimators': 300};;;;;;;;163
0.0034680843353271486;0.00012404058766808914;0.0;0.0;True;20;auto;4;2;100;{'bootstrap': True, 'max_depth': 20, 'max_features': 'auto', 'min_samples_leaf': 4, 'min_samples_split': 2, 'n_estimators': 100};;;;;;;;163
0.003362274169921875;1.3595797261960402e-05;0.0;0.0;True;20;auto;4;2;200;{'bootstrap': True, 'max_depth': 20, 'max_features': 'auto', 'min_samples_leaf': 4, 'min_samples_split': 2, 'n_estimators': 200};;;;;;;;163
0.0034192085266113283;1.8565077758627055e-05;0.0;0.0;True;20;auto;4;2;300;{'bootstrap': True, 'max_depth': 20, 'max_features': 'auto', 'min_samples_leaf': 4, 'min_samples_split': 2, 'n_estimators': 300};;;;;;;;163
0.003382968902587891;7.712778757424669e-05;0.0;0.0;True;20;auto;4;5;100;{'bootstrap': True, 'max_depth': 20, 'max_features': 'auto', 'min_samples_leaf': 4, 'min_samples_split': 5, 'n_estimators': 100};;;;;;;;163
0.0034180164337158205;4.079380208007693e-05;0.0;0.0;True;20;auto;4;5;200;{'bootstrap': True, 'max_depth': 20, 'max_features': 'auto', 'min_samples_leaf': 4, 'min_samples_split': 5, 'n_estimators': 200};;;;;;;;163
0.003412294387817383;7.05450561093807e-05;0.0;0.0;True;20;auto;4;5;300;{'bootstrap': True, 'max_depth': 20, 'max_features': 'auto', 'min_samples_leaf': 4, 'min_samples_split': 5, 'n_estimators': 300};;;;;;;;163
0.003402090072631836;4.594557998296008e-05;0.0;0.0;True;20;auto;4;10;100;{'bootstrap': True, 'max_depth': 20, 'max_features': 'auto', 'min_samples_leaf': 4, 'min_samples_split': 10, 'n_estimators': 100};;;;;;;;163
0.0033588409423828125;4.627900534624231e-05;0.0;0.0;True;20;auto;4;10;200;{'bootstrap': True, 'max_depth': 20, 'max_features': 'auto', 'min_samples_leaf': 4, 'min_samples_split': 10, 'n_estimators': 200};;;;;;;;163
0.0033635616302490233;6.717083713169234e-05;0.0;0.0;True;20;auto;4;10;300;{'bootstrap': True, 'max_depth': 20, 'max_features': 'auto', 'min_samples_leaf': 4, 'min_samples_split': 10, 'n_estimators': 300};;;;;;;;163
7.966837310791016;0.01638718924476284;0.45530052185058595;0.016966851015406834;True;20;sqrt;1;2;100;{'bootstrap': True, 'max_depth': 20, 'max_features': 'sqrt', 'min_samples_leaf': 1, 'min_samples_split': 2, 'n_estimators': 100};0.7032772934007501;0.7036869875892567;0.7109085465598712;0.7100921036094929;0.6972274057214974;0.7050384673761736;0.0050187246260559966;81
15.873024559020996;0.07343092070684597;0.9010173797607421;0.020131611191763234;True;20;sqrt;1;2;200;{'bootstrap': True, 'max_depth': 20, 'max_features': 'sqrt', 'min_samples_leaf': 1, 'min_samples_split': 2, 'n_estimators': 200};0.7047560782849602;0.7046140421731795;0.7104826718314803;0.7114929400517895;0.6979886473444366;0.7058668759371691;0.004854443712382576;71
23.811656665802;0.06093396764836533;1.3565296173095702;0.01985565411228353;True;20;sqrt;1;2;300;{'bootstrap': True, 'max_depth': 20, 'max_features': 'sqrt', 'min_samples_leaf': 1, 'min_samples_split': 2, 'n_estimators': 300};0.7059177766378105;0.704998270348606;0.7124816746469126;0.7113499468006486;0.6979215806041658;0.7065338498076287;0.005205384554928405;58
6.968442010879516;0.059181389496538346;0.3898467540740967;0.007097796143086075;True;20;sqrt;1;5;100;{'bootstrap': True, 'max_depth': 20, 'max_features': 'sqrt', 'min_samples_leaf': 1, 'min_samples_split': 5, 'n_estimators': 100};0.70576589669861;0.7059670431456799;0.7114266103734314;0.7122804272020651;0.6995007257209572;0.7069881406281487;0.004610991501720132;44
14.110026168823243;0.08692561706936866;0.7858949661254883;0.025890196001840733;True;20;sqrt;1;5;200;{'bootstrap': True, 'max_depth': 20, 'max_features': 'sqrt', 'min_samples_leaf': 1, 'min_samples_split': 5, 'n_estimators': 200};0.7076750710921034;0.7061702769016306;0.7124959719262138;0.7120337702320627;0.6997350966510802;0.7076220373606181;0.004637518298431051;19
21.086369132995607;0.14340959596665476;1.1886595726013183;0.024498710473198817;True;20;sqrt;1;5;300;{'bootstrap': True, 'max_depth': 20, 'max_features': 'sqrt', 'min_samples_leaf': 1, 'min_samples_split': 5, 'n_estimators': 300};0.7073496931414578;0.706685549463834;0.7132867457988057;0.7132494780423192;0.700084927584495;0.7081312788061823;0.004903459611298934;10
6.409240579605102;0.05436313679077364;0.3377813816070557;0.003427017083048305;True;20;sqrt;1;10;100;{'bootstrap': True, 'max_depth': 20, 'max_features': 'sqrt', 'min_samples_leaf': 1, 'min_samples_split': 10, 'n_estimators': 100};0.7066788758630472;0.7045104506420994;0.709746222510047;0.7097381403697272;0.699552624507691;0.7060452627785223;0.0038012080550489935;68
12.70791597366333;0.030600108132720148;0.6815489292144775;0.014205443365387349;True;20;sqrt;1;10;200;{'bootstrap': True, 'max_depth': 20, 'max_features': 'sqrt', 'min_samples_leaf': 1, 'min_samples_split': 10, 'n_estimators': 200};0.7068314455055085;0.7065674139820313;0.7115751196096959;0.7120886630875266;0.6991197348772438;0.7072364754124012;0.004666063180959119;34
19.340794134140015;0.07384363828105245;1.014925479888916;0.02168306367547641;True;20;sqrt;1;10;300;{'bootstrap': True, 'max_depth': 20, 'max_features': 'sqrt', 'min_samples_leaf': 1, 'min_samples_split': 10, 'n_estimators': 300};0.7072417946833653;0.707187036560684;0.7110403112635492;0.7120522719709551;0.7001477884644991;0.7075338405886106;0.004182604178638194;21
6.895202350616455;0.02117573335256664;0.38631277084350585;0.006605543896323971;True;20;sqrt;2;2;100;{'bootstrap': True, 'max_depth': 20, 'max_features': 'sqrt', 'min_samples_leaf': 2, 'min_samples_split': 2, 'n_estimators': 100};0.7058784132166116;0.7032708710228798;0.7091852093211475;0.709924770503277;0.6977595129994317;0.7052037554126696;0.004421490903187268;79
13.803572082519532;0.07363384219993958;0.7735399723052978;0.012773001781297987;True;20;sqrt;2;2;200;{'bootstrap': True, 'max_depth': 20, 'max_features': 'sqrt', 'min_samples_leaf': 2, 'min_samples_split': 2, 'n_estimators': 200};0.7057212272864217;0.7066728228913708;0.7108261566697571;0.7116880758884969;0.698996545646644;0.7067809656765381;0.004520514048716514;51
20.695462942123413;0.1025250253014754;1.1572362899780273;0.017467560033993846;True;20;sqrt;2;2;300;{'bootstrap': True, 'max_depth': 20, 'max_features': 'sqrt', 'min_samples_leaf': 2, 'min_samples_split': 2, 'n_estimators': 300};0.7061460782532734;0.7061065311696355;0.711584229151348;0.7122180720538425;0.6997545217442092;0.7071618864744618;0.004519664163930675;35
6.67335090637207;0.030879799176267587;0.3694334030151367;0.00598019823470257;True;20;sqrt;2;5;100;{'bootstrap': True, 'max_depth': 20, 'max_features': 'sqrt', 'min_samples_leaf': 2, 'min_samples_split': 5, 'n_estimators': 100};0.7054372276460334;0.704548883868831;0.7105320341242258;0.7122520146267515;0.6983291682267403;0.7062198656985164;0.004912217959568161;66
13.461023664474487;0.035114957511815266;0.7409673690795898;0.016527694344574823;True;20;sqrt;2;5;200;{'bootstrap': True, 'max_depth': 20, 'max_features': 'sqrt', 'min_samples_leaf': 2, 'min_samples_split': 5, 'n_estimators': 200};0.7067316252722302;0.7056562259559115;0.7104276230620056;0.711724650464433;0.7004436699245931;0.7069967589358347;0.003973262817321099;43
20.218733263015746;0.04727514694312197;1.1375865459442138;0.02063004263862777;True;20;sqrt;2;5;300;{'bootstrap': True, 'max_depth': 20, 'max_features': 'sqrt', 'min_samples_leaf': 2, 'min_samples_split': 5, 'n_estimators': 300};0.706103373053028;0.7066375483442234;0.7107946772379674;0.711946273118242;0.6999405246720407;0.7070844792851003;0.004233226012001097;39
6.252069044113159;0.03648572718434256;0.32698559761047363;0.0008031848404928271;True;20;sqrt;2;10;100;{'bootstrap': True, 'max_depth': 20, 'max_features': 'sqrt', 'min_samples_leaf': 2, 'min_samples_split': 10, 'n_estimators': 100};0.7056264879749323;0.7040434254126418;0.7101151502273275;0.7108706727330647;0.6984803930278219;0.7058272258751577;0.0044949047629468985;73
12.5073091506958;0.025328373758350727;0.6611787796020507;0.018653372381439;True;20;sqrt;2;10;200;{'bootstrap': True, 'max_depth': 20, 'max_features': 'sqrt', 'min_samples_leaf': 2, 'min_samples_split': 10, 'n_estimators': 200};0.7055751392529859;0.7043371128880238;0.709610111327303;0.7111199679464516;0.6993256730430443;0.7059936008915617;0.0041650717005868015;69
18.681172323226928;0.044149880237126106;0.9839249610900879;0.007447211966742288;True;20;sqrt;2;10;300;{'bootstrap': True, 'max_depth': 20, 'max_features': 'sqrt', 'min_samples_leaf': 2, 'min_samples_split': 10, 'n_estimators': 300};0.7061304552249659;0.7052177084610571;0.7105893810408248;0.7111211571870077;0.6989681937666995;0.7064053791361109;0.004394139405441275;61
6.126914215087891;0.03423858077158482;0.3214137077331543;0.004537911532444338;True;20;sqrt;4;2;100;{'bootstrap': True, 'max_depth': 20, 'max_features': 'sqrt', 'min_samples_leaf': 4, 'min_samples_split': 2, 'n_estimators': 100};0.7025708626416143;0.701584241875478;0.706602645711391;0.7080478784826274;0.6966610015661682;0.7030933260554558;0.004019652114740197;102
12.264312410354615;0.04742668584710293;0.6381011009216309;0.0031221140099274712;True;20;sqrt;4;2;200;{'bootstrap': True, 'max_depth': 20, 'max_features': 'sqrt', 'min_samples_leaf': 4, 'min_samples_split': 2, 'n_estimators': 200};0.7030475563688645;0.7036915573748674;0.707181663557285;0.7091770308395071;0.6972336896397894;0.7040662995560627;0.004091158632061953;90
18.374781847000122;0.029721309180473884;0.9660664081573487;0.013543073891658743;True;20;sqrt;4;2;300;{'bootstrap': True, 'max_depth': 20, 'max_features': 'sqrt', 'min_samples_leaf': 4, 'min_samples_split': 2, 'n_estimators': 300};0.702943100229116;0.7028704886441969;0.7072623697622171;0.7088611771503128;0.6976438345967173;0.7039161940765121;0.003925115393222587;93
6.100677156448365;0.030150504355540352;0.31835074424743653;0.0022836538022977903;True;20;sqrt;4;5;100;{'bootstrap': True, 'max_depth': 20, 'max_features': 'sqrt', 'min_samples_leaf': 4, 'min_samples_split': 5, 'n_estimators': 100};0.7037414487446015;0.7032532010059421;0.7066142445852305;0.7073011488508048;0.6972226255599523;0.7036265337493062;0.0035662819595300107;99
12.273602533340455;0.0235318105314671;0.6457835674285889;0.0073247585116367414;True;20;sqrt;4;5;200;{'bootstrap': True, 'max_depth': 20, 'max_features': 'sqrt', 'min_samples_leaf': 4, 'min_samples_split': 5, 'n_estimators': 200};0.7029143576132334;0.7027885660552684;0.706841498817244;0.7094113106643811;0.6973761051195024;0.7038663676539259;0.0040936361733190626;94
18.36183910369873;0.06449231129099436;0.9735772609710693;0.022766202950209126;True;20;sqrt;4;5;300;{'bootstrap': True, 'max_depth': 20, 'max_features': 'sqrt', 'min_samples_leaf': 4, 'min_samples_split': 5, 'n_estimators': 300};0.7032880394367373;0.7023289571956921;0.7076775119733626;0.7097006499215048;0.697437870720271;0.7040866058495135;0.004297553107461873;88
6.013076639175415;0.021943167867521856;0.31211209297180176;0.004898499711205056;True;20;sqrt;4;10;100;{'bootstrap': True, 'max_depth': 20, 'max_features': 'sqrt', 'min_samples_leaf': 4, 'min_samples_split': 10, 'n_estimators': 100};0.7018336707520862;0.7006610921956214;0.7062275469578432;0.7067845824082172;0.696805654595782;0.7024625093819099;0.0037012530625633836;104
12.020092964172363;0.040041330991867706;0.6267202377319336;0.016980359702816836;True;20;sqrt;4;10;200;{'bootstrap': True, 'max_depth': 20, 'max_features': 'sqrt', 'min_samples_leaf': 4, 'min_samples_split': 10, 'n_estimators': 200};0.7023756736561153;0.7028340460331142;0.7072506743972189;0.7088002524809272;0.6972529089750437;0.7037027111084837;0.0040666577558399995;95
18.063739824295045;0.07462010403663383;0.9569274425506592;0.026708530289750728;True;20;sqrt;4;10;300;{'bootstrap': True, 'max_depth': 20, 'max_features': 'sqrt', 'min_samples_leaf': 4, 'min_samples_split': 10, 'n_estimators': 300};0.7036104704906452;0.7035957286162662;0.7074230506954224;0.7084681310975509;0.6976981315406796;0.7041591024881129;0.0037837446591612507;87
0.004307985305786133;0.0009449992317920225;0.0;0.0;True;30;auto;1;2;100;{'bootstrap': True, 'max_depth': 30, 'max_features': 'auto', 'min_samples_leaf': 1, 'min_samples_split': 2, 'n_estimators': 100};;;;;;;;163
0.003365230560302734;5.408926801355911e-05;0.0;0.0;True;30;auto;1;2;200;{'bootstrap': True, 'max_depth': 30, 'max_features': 'auto', 'min_samples_leaf': 1, 'min_samples_split': 2, 'n_estimators': 200};;;;;;;;163
0.0033184051513671874;4.335826554401328e-05;0.0;0.0;True;30;auto;1;2;300;{'bootstrap': True, 'max_depth': 30, 'max_features': 'auto', 'min_samples_leaf': 1, 'min_samples_split': 2, 'n_estimators': 300};;;;;;;;163
0.0033388137817382812;3.6921178155427396e-05;0.0;0.0;True;30;auto;1;5;100;{'bootstrap': True, 'max_depth': 30, 'max_features': 'auto', 'min_samples_leaf': 1, 'min_samples_split': 5, 'n_estimators': 100};;;;;;;;163
0.00334014892578125;7.688422144447778e-05;0.0;0.0;True;30;auto;1;5;200;{'bootstrap': True, 'max_depth': 30, 'max_features': 'auto', 'min_samples_leaf': 1, 'min_samples_split': 5, 'n_estimators': 200};;;;;;;;163
0.003400564193725586;3.0232002301851592e-05;0.0;0.0;True;30;auto;1;5;300;{'bootstrap': True, 'max_depth': 30, 'max_features': 'auto', 'min_samples_leaf': 1, 'min_samples_split': 5, 'n_estimators': 300};;;;;;;;163
0.003322887420654297;3.6080034112991213e-05;0.0;0.0;True;30;auto;1;10;100;{'bootstrap': True, 'max_depth': 30, 'max_features': 'auto', 'min_samples_leaf': 1, 'min_samples_split': 10, 'n_estimators': 100};;;;;;;;163
0.003403472900390625;8.85333164501581e-05;0.0;0.0;True;30;auto;1;10;200;{'bootstrap': True, 'max_depth': 30, 'max_features': 'auto', 'min_samples_leaf': 1, 'min_samples_split': 10, 'n_estimators': 200};;;;;;;;163
0.003341007232666016;6.927073645774493e-05;0.0;0.0;True;30;auto;1;10;300;{'bootstrap': True, 'max_depth': 30, 'max_features': 'auto', 'min_samples_leaf': 1, 'min_samples_split': 10, 'n_estimators': 300};;;;;;;;163
0.0033344745635986326;7.403154491543299e-05;0.0;0.0;True;30;auto;2;2;100;{'bootstrap': True, 'max_depth': 30, 'max_features': 'auto', 'min_samples_leaf': 2, 'min_samples_split': 2, 'n_estimators': 100};;;;;;;;163
0.0034121036529541015;7.793284488192359e-05;0.0;0.0;True;30;auto;2;2;200;{'bootstrap': True, 'max_depth': 30, 'max_features': 'auto', 'min_samples_leaf': 2, 'min_samples_split': 2, 'n_estimators': 200};;;;;;;;163
0.003319454193115234;3.941612210610118e-05;0.0;0.0;True;30;auto;2;2;300;{'bootstrap': True, 'max_depth': 30, 'max_features': 'auto', 'min_samples_leaf': 2, 'min_samples_split': 2, 'n_estimators': 300};;;;;;;;163
0.0033655643463134767;5.041713622201822e-05;0.0;0.0;True;30;auto;2;5;100;{'bootstrap': True, 'max_depth': 30, 'max_features': 'auto', 'min_samples_leaf': 2, 'min_samples_split': 5, 'n_estimators': 100};;;;;;;;163
0.0033941268920898438;1.790521941711291e-05;0.0;0.0;True;30;auto;2;5;200;{'bootstrap': True, 'max_depth': 30, 'max_features': 'auto', 'min_samples_leaf': 2, 'min_samples_split': 5, 'n_estimators': 200};;;;;;;;163
0.003520488739013672;0.00024427632755095677;0.0;0.0;True;30;auto;2;5;300;{'bootstrap': True, 'max_depth': 30, 'max_features': 'auto', 'min_samples_leaf': 2, 'min_samples_split': 5, 'n_estimators': 300};;;;;;;;163
0.004001331329345703;0.00014229434411775445;0.0;0.0;True;30;auto;2;10;100;{'bootstrap': True, 'max_depth': 30, 'max_features': 'auto', 'min_samples_leaf': 2, 'min_samples_split': 10, 'n_estimators': 100};;;;;;;;163
0.003513193130493164;0.0001718191640263726;0.0;0.0;True;30;auto;2;10;200;{'bootstrap': True, 'max_depth': 30, 'max_features': 'auto', 'min_samples_leaf': 2, 'min_samples_split': 10, 'n_estimators': 200};;;;;;;;163
0.0033510208129882814;3.53369473178734e-05;0.0;0.0;True;30;auto;2;10;300;{'bootstrap': True, 'max_depth': 30, 'max_features': 'auto', 'min_samples_leaf': 2, 'min_samples_split': 10, 'n_estimators': 300};;;;;;;;163
0.003301858901977539;3.12228223173828e-05;0.0;0.0;True;30;auto;4;2;100;{'bootstrap': True, 'max_depth': 30, 'max_features': 'auto', 'min_samples_leaf': 4, 'min_samples_split': 2, 'n_estimators': 100};;;;;;;;163
0.003383779525756836;0.00012305638160316733;0.0;0.0;True;30;auto;4;2;200;{'bootstrap': True, 'max_depth': 30, 'max_features': 'auto', 'min_samples_leaf': 4, 'min_samples_split': 2, 'n_estimators': 200};;;;;;;;163
0.0033920764923095702;1.3101833078337645e-05;0.0;0.0;True;30;auto;4;2;300;{'bootstrap': True, 'max_depth': 30, 'max_features': 'auto', 'min_samples_leaf': 4, 'min_samples_split': 2, 'n_estimators': 300};;;;;;;;163
0.003328418731689453;5.231961949129651e-05;0.0;0.0;True;30;auto;4;5;100;{'bootstrap': True, 'max_depth': 30, 'max_features': 'auto', 'min_samples_leaf': 4, 'min_samples_split': 5, 'n_estimators': 100};;;;;;;;163
0.0033678054809570313;8.265881019378352e-05;0.0;0.0;True;30;auto;4;5;200;{'bootstrap': True, 'max_depth': 30, 'max_features': 'auto', 'min_samples_leaf': 4, 'min_samples_split': 5, 'n_estimators': 200};;;;;;;;163
0.0033119678497314452;5.20267581320851e-05;0.0;0.0;True;30;auto;4;5;300;{'bootstrap': True, 'max_depth': 30, 'max_features': 'auto', 'min_samples_leaf': 4, 'min_samples_split': 5, 'n_estimators': 300};;;;;;;;163
0.003385782241821289;5.225121441540482e-05;0.0;0.0;True;30;auto;4;10;100;{'bootstrap': True, 'max_depth': 30, 'max_features': 'auto', 'min_samples_leaf': 4, 'min_samples_split': 10, 'n_estimators': 100};;;;;;;;163
0.003383159637451172;3.39034237425687e-05;0.0;0.0;True;30;auto;4;10;200;{'bootstrap': True, 'max_depth': 30, 'max_features': 'auto', 'min_samples_leaf': 4, 'min_samples_split': 10, 'n_estimators': 200};;;;;;;;163
0.0033756256103515624;5.113477716077979e-05;0.0;0.0;True;30;auto;4;10;300;{'bootstrap': True, 'max_depth': 30, 'max_features': 'auto', 'min_samples_leaf': 4, 'min_samples_split': 10, 'n_estimators': 300};;;;;;;;163
9.92103385925293;0.0640316905326949;0.5826495170593262;0.00853072484941062;True;30;sqrt;1;2;100;{'bootstrap': True, 'max_depth': 30, 'max_features': 'sqrt', 'min_samples_leaf': 1, 'min_samples_split': 2, 'n_estimators': 100};0.7030431329335289;0.7001337132336544;0.7079801868802189;0.7079993736818995;0.6957004327274348;0.7029713678913472;0.004717902971205164;103
20.102205562591553;0.03791175226222067;1.2004428863525392;0.054106075904014804;True;30;sqrt;1;2;200;{'bootstrap': True, 'max_depth': 30, 'max_features': 'sqrt', 'min_samples_leaf': 1, 'min_samples_split': 2, 'n_estimators': 200};0.704116190855396;0.7050134244852542;0.7100810305335595;0.7090359310017071;0.6971360026934765;0.7050765159138787;0.004576026428376917;80
29.98325333595276;0.057223078373241684;1.8063560962677;0.05482676686412819;True;30;sqrt;1;2;300;{'bootstrap': True, 'max_depth': 30, 'max_features': 'sqrt', 'min_samples_leaf': 1, 'min_samples_split': 2, 'n_estimators': 300};0.7041948681866467;0.7056539509302229;0.710197597720266;0.7100538270936432;0.6970539623403698;0.7054308412542298;0.00481338701886105;76
8.181381702423096;0.04201203382544849;0.4709019660949707;0.011485884129762392;True;30;sqrt;1;5;100;{'bootstrap': True, 'max_depth': 30, 'max_features': 'sqrt', 'min_samples_leaf': 1, 'min_samples_split': 5, 'n_estimators': 100};0.7066611213030295;0.706293713248876;0.7084191349349045;0.711203491266221;0.6996284980553098;0.7064411917616681;0.003822948344384727;60
16.23883581161499;0.040308521521641535;0.9373806953430176;0.019723030534836542;True;30;sqrt;1;5;200;{'bootstrap': True, 'max_depth': 30, 'max_features': 'sqrt', 'min_samples_leaf': 1, 'min_samples_split': 5, 'n_estimators': 200};0.7055427952608777;0.7071234064463661;0.712286945148648;0.7115786679629003;0.7002292631206942;0.7073522155878973;0.0043881035290664954;29
24.702983808517455;0.25368228821161865;1.4043049812316895;0.02118594846974572;True;30;sqrt;1;5;300;{'bootstrap': True, 'max_depth': 30, 'max_features': 'sqrt', 'min_samples_leaf': 1, 'min_samples_split': 5, 'n_estimators': 300};0.7073634196754143;0.7077677691308811;0.7122008620935709;0.7131246864966052;0.7003893738128524;0.7081692222418647;0.004519895348980962;8
7.0631345272064205;0.0482353518185687;0.3876674652099609;0.0028711670505498043;True;30;sqrt;1;10;100;{'bootstrap': True, 'max_depth': 30, 'max_features': 'sqrt', 'min_samples_leaf': 1, 'min_samples_split': 10, 'n_estimators': 100};0.7065200788930805;0.7069810625282735;0.7103099878654362;0.7109753844415196;0.7001975605284274;0.7069968148513475;0.0038278849528809666;42
14.217963886260986;0.058055644608633265;0.7757302284240722;0.01107939452059471;True;30;sqrt;1;10;200;{'bootstrap': True, 'max_depth': 30, 'max_features': 'sqrt', 'min_samples_leaf': 1, 'min_samples_split': 10, 'n_estimators': 200};0.707657324847967;0.7071411596453641;0.7122187018407149;0.7116782588748345;0.7001141566686069;0.7077619203754975;0.004337860811390403;13
21.165093231201173;0.13525570912638388;1.17112398147583;0.029973428180110923;True;30;sqrt;1;10;300;{'bootstrap': True, 'max_depth': 30, 'max_features': 'sqrt', 'min_samples_leaf': 1, 'min_samples_split': 10, 'n_estimators': 300};0.7083578975763885;0.7069002268718505;0.7119455587834174;0.7122116623359135;0.700907073275928;0.7080644837686996;0.004121454696697858;11
7.834425449371338;0.1135012633286185;0.45305657386779785;0.004278614636901844;True;30;sqrt;2;2;100;{'bootstrap': True, 'max_depth': 30, 'max_features': 'sqrt', 'min_samples_leaf': 2, 'min_samples_split': 2, 'n_estimators': 100};0.7055018392693833;0.7065826540861871;0.7096342338703103;0.7109603197574477;0.6983944335176098;0.7062146961001876;0.004382105595687864;67
15.565444183349609;0.07314112758780121;0.9383793830871582;0.025411261050240944;True;30;sqrt;2;2;200;{'bootstrap': True, 'max_depth': 30, 'max_features': 'sqrt', 'min_samples_leaf': 2, 'min_samples_split': 2, 'n_estimators': 200};0.7061180379258167;0.7062514562629754;0.7106348785267174;0.7122467745186949;0.6994759395344383;0.7069454173537285;0.004442426119669561;47
23.422802114486693;0.1041406251833144;1.3815109729766846;0.032966648521186526;True;30;sqrt;2;2;300;{'bootstrap': True, 'max_depth': 30, 'max_features': 'sqrt', 'min_samples_leaf': 2, 'min_samples_split': 2, 'n_estimators': 300};0.7062022750984285;0.7079039350139369;0.7115026545638852;0.7118568486491532;0.6998144524301355;0.7074560331511078;0.004379694125271865;26
7.457436513900757;0.035151707891960204;0.4434103488922119;0.01829433648807367;True;30;sqrt;2;5;100;{'bootstrap': True, 'max_depth': 30, 'max_features': 'sqrt', 'min_samples_leaf': 2, 'min_samples_split': 5, 'n_estimators': 100};0.705505621573371;0.7054227279536954;0.7089689173795586;0.7113374597739655;0.6986577660545353;0.7059784985470252;0.004284546371251888;70
15.064073991775512;0.11544849774207358;0.8823534965515136;0.02597605616019008;True;30;sqrt;2;5;200;{'bootstrap': True, 'max_depth': 30, 'max_features': 'sqrt', 'min_samples_leaf': 2, 'min_samples_split': 5, 'n_estimators': 200};0.7058991142305949;0.7064401436709564;0.7110555856773283;0.7114168124305281;0.7007280341827155;0.7071079380384246;0.003918180647483163;38
22.519886207580566;0.08132514716538389;1.321253490447998;0.035419227889469336;True;30;sqrt;2;5;300;{'bootstrap': True, 'max_depth': 30, 'max_features': 'sqrt', 'min_samples_leaf': 2, 'min_samples_split': 5, 'n_estimators': 300};0.7064212267347932;0.7069655660240808;0.7106251564594784;0.7113229773253518;0.70043534174671;0.7071540536580828;0.003876651437440951;36
6.694355392456055;0.028780805712590774;0.36756505966186526;0.001601485239647612;True;30;sqrt;2;10;100;{'bootstrap': True, 'max_depth': 30, 'max_features': 'sqrt', 'min_samples_leaf': 2, 'min_samples_split': 10, 'n_estimators': 100};0.7051094444780371;0.7048953805574494;0.7093492245866331;0.7104073796220799;0.6995447409829316;0.7058612340454262;0.0038530419863295213;72
13.45670976638794;0.02684949167342786;0.7535647869110107;0.021913795416751536;True;30;sqrt;2;10;200;{'bootstrap': True, 'max_depth': 30, 'max_features': 'sqrt', 'min_samples_leaf': 2, 'min_samples_split': 10, 'n_estimators': 200};0.7061475312795767;0.7059862087138906;0.7097558006085809;0.710660401828562;0.6993158020649669;0.7063731488991154;0.00399573874579539;63
20.153591537475585;0.10214501672375331;1.1119052410125732;0.023480812569413485;True;30;sqrt;2;10;300;{'bootstrap': True, 'max_depth': 30, 'max_features': 'sqrt', 'min_samples_leaf': 2, 'min_samples_split': 10, 'n_estimators': 300};0.7063355969424228;0.7053817075275682;0.7104407913611527;0.7113801471966761;0.7005583712035272;0.7068193228462694;0.003883719788731591;50
6.4705321311950685;0.036507177550432354;0.35863542556762695;0.00552850770821504;True;30;sqrt;4;2;100;{'bootstrap': True, 'max_depth': 30, 'max_features': 'sqrt', 'min_samples_leaf': 4, 'min_samples_split': 2, 'n_estimators': 100};0.7025805305765349;0.703211612349014;0.7084779024716492;0.7081066599993364;0.6961000757291939;0.7036953562251458;0.004505496193868462;97
12.950839376449585;0.04133145904437619;0.7151473999023438;0.017671193844853918;True;30;sqrt;4;2;200;{'bootstrap': True, 'max_depth': 30, 'max_features': 'sqrt', 'min_samples_leaf': 4, 'min_samples_split': 2, 'n_estimators': 200};0.7042631579625871;0.7033189759750351;0.7073793362760235;0.7084994048901836;0.6978179224155083;0.7042557595038674;0.003744025173785294;86
19.385900592803956;0.07068777956281612;1.0555520057678223;0.004176943998948991;True;30;sqrt;4;2;300;{'bootstrap': True, 'max_depth': 30, 'max_features': 'sqrt', 'min_samples_leaf': 4, 'min_samples_split': 2, 'n_estimators': 300};0.7042497178482521;0.7039196060542605;0.7086584436505665;0.7089870941819483;0.6987588429188676;0.7049147409307791;0.00373970588448518;82
6.482589960098267;0.019322561339153804;0.35345988273620604;0.0023043466680354985;True;30;sqrt;4;5;100;{'bootstrap': True, 'max_depth': 30, 'max_features': 'sqrt', 'min_samples_leaf': 4, 'min_samples_split': 5, 'n_estimators': 100};0.7026034307001225;0.7041196692797071;0.7061816919673025;0.7090340388037073;0.6978291734955159;0.703953600849271;0.0037452473457914876;92
12.992040205001832;0.05365878654575318;0.7153594493865967;0.013751174800295805;True;30;sqrt;4;5;200;{'bootstrap': True, 'max_depth': 30, 'max_features': 'sqrt', 'min_samples_leaf': 4, 'min_samples_split': 5, 'n_estimators': 200};0.7037333024907075;0.7035758681960091;0.7089560468128271;0.7090629310475354;0.6975164647644807;0.704568922662312;0.0042629696298099535;84
19.468463802337645;0.07511352975291541;1.1074761867523193;0.01679645272369632;True;30;sqrt;4;5;300;{'bootstrap': True, 'max_depth': 30, 'max_features': 'sqrt', 'min_samples_leaf': 4, 'min_samples_split': 5, 'n_estimators': 300};0.7043701259828653;0.7036236072940389;0.708625440881923;0.7090811888655615;0.6983661033635686;0.7048132932775915;0.0038968040721873297;83
6.318981313705445;0.020019761415737976;0.34149975776672364;0.001503824452677096;True;30;sqrt;4;10;100;{'bootstrap': True, 'max_depth': 30, 'max_features': 'sqrt', 'min_samples_leaf': 4, 'min_samples_split': 10, 'n_estimators': 100};0.703311458843497;0.7024342006081292;0.7065410622167754;0.7083325888445723;0.697750885432592;0.7036740391891131;0.00365169332148355;98
12.699228477478027;0.11453192140714778;0.6833035469055175;0.009171371859136671;True;30;sqrt;4;10;200;{'bootstrap': True, 'max_depth': 30, 'max_features': 'sqrt', 'min_samples_leaf': 4, 'min_samples_split': 10, 'n_estimators': 200};0.7041285721288855;0.7034180090982967;0.7080811203802737;0.7082525465981375;0.6985359630821724;0.7044832422575531;0.0035716389619211545;85
19.081833171844483;0.05030925454838199;1.0468428134918213;0.028451853629262374;True;30;sqrt;4;10;300;{'bootstrap': True, 'max_depth': 30, 'max_features': 'sqrt', 'min_samples_leaf': 4, 'min_samples_split': 10, 'n_estimators': 300};0.7033249768194441;0.703374400020365;0.7069308915733366;0.708481892217693;0.6976762500392514;0.703957682134018;0.0037284145276951456;91
0.00453801155090332;0.0011669639133731432;0.0;0.0;False;10;auto;1;2;100;{'bootstrap': False, 'max_depth': 10, 'max_features': 'auto', 'min_samples_leaf': 1, 'min_samples_split': 2, 'n_estimators': 100};;;;;;;;163
0.0033640384674072264;5.407455315131625e-05;0.0;0.0;False;10;auto;1;2;200;{'bootstrap': False, 'max_depth': 10, 'max_features': 'auto', 'min_samples_leaf': 1, 'min_samples_split': 2, 'n_estimators': 200};;;;;;;;163
0.0033057212829589845;5.2424640410135354e-05;0.0;0.0;False;10;auto;1;2;300;{'bootstrap': False, 'max_depth': 10, 'max_features': 'auto', 'min_samples_leaf': 1, 'min_samples_split': 2, 'n_estimators': 300};;;;;;;;163
0.0033347606658935547;4.4875164972377244e-05;0.0;0.0;False;10;auto;1;5;100;{'bootstrap': False, 'max_depth': 10, 'max_features': 'auto', 'min_samples_leaf': 1, 'min_samples_split': 5, 'n_estimators': 100};;;;;;;;163
0.0034326553344726563;6.816496836503048e-05;0.0;0.0;False;10;auto;1;5;200;{'bootstrap': False, 'max_depth': 10, 'max_features': 'auto', 'min_samples_leaf': 1, 'min_samples_split': 5, 'n_estimators': 200};;;;;;;;163
0.0034245014190673827;4.1210594499971916e-05;0.0;0.0;False;10;auto;1;5;300;{'bootstrap': False, 'max_depth': 10, 'max_features': 'auto', 'min_samples_leaf': 1, 'min_samples_split': 5, 'n_estimators': 300};;;;;;;;163
0.003406524658203125;4.9573409165530316e-05;0.0;0.0;False;10;auto;1;10;100;{'bootstrap': False, 'max_depth': 10, 'max_features': 'auto', 'min_samples_leaf': 1, 'min_samples_split': 10, 'n_estimators': 100};;;;;;;;163
0.0033215999603271483;2.8118598410407453e-05;0.0;0.0;False;10;auto;1;10;200;{'bootstrap': False, 'max_depth': 10, 'max_features': 'auto', 'min_samples_leaf': 1, 'min_samples_split': 10, 'n_estimators': 200};;;;;;;;163
0.003372478485107422;3.7701931342842146e-05;0.0;0.0;False;10;auto;1;10;300;{'bootstrap': False, 'max_depth': 10, 'max_features': 'auto', 'min_samples_leaf': 1, 'min_samples_split': 10, 'n_estimators': 300};;;;;;;;163
0.0033523082733154298;7.324172183723239e-05;0.0;0.0;False;10;auto;2;2;100;{'bootstrap': False, 'max_depth': 10, 'max_features': 'auto', 'min_samples_leaf': 2, 'min_samples_split': 2, 'n_estimators': 100};;;;;;;;163
0.003303241729736328;4.667536787435473e-05;0.0;0.0;False;10;auto;2;2;200;{'bootstrap': False, 'max_depth': 10, 'max_features': 'auto', 'min_samples_leaf': 2, 'min_samples_split': 2, 'n_estimators': 200};;;;;;;;163
0.0033668041229248046;3.361502431805178e-05;0.0;0.0;False;10;auto;2;2;300;{'bootstrap': False, 'max_depth': 10, 'max_features': 'auto', 'min_samples_leaf': 2, 'min_samples_split': 2, 'n_estimators': 300};;;;;;;;163
0.0033689022064208986;4.5260965093779886e-05;0.0;0.0;False;10;auto;2;5;100;{'bootstrap': False, 'max_depth': 10, 'max_features': 'auto', 'min_samples_leaf': 2, 'min_samples_split': 5, 'n_estimators': 100};;;;;;;;163
0.0033915042877197266;6.369712769593042e-05;0.0;0.0;False;10;auto;2;5;200;{'bootstrap': False, 'max_depth': 10, 'max_features': 'auto', 'min_samples_leaf': 2, 'min_samples_split': 5, 'n_estimators': 200};;;;;;;;163
0.003346109390258789;6.24941622556759e-05;0.0;0.0;False;10;auto;2;5;300;{'bootstrap': False, 'max_depth': 10, 'max_features': 'auto', 'min_samples_leaf': 2, 'min_samples_split': 5, 'n_estimators': 300};;;;;;;;163
0.0033272743225097657;4.334174358317714e-05;0.0;0.0;False;10;auto;2;10;100;{'bootstrap': False, 'max_depth': 10, 'max_features': 'auto', 'min_samples_leaf': 2, 'min_samples_split': 10, 'n_estimators': 100};;;;;;;;163
0.003337574005126953;4.460846657668868e-05;0.0;0.0;False;10;auto;2;10;200;{'bootstrap': False, 'max_depth': 10, 'max_features': 'auto', 'min_samples_leaf': 2, 'min_samples_split': 10, 'n_estimators': 200};;;;;;;;163
0.003306007385253906;3.889880769885631e-05;0.0;0.0;False;10;auto;2;10;300;{'bootstrap': False, 'max_depth': 10, 'max_features': 'auto', 'min_samples_leaf': 2, 'min_samples_split': 10, 'n_estimators': 300};;;;;;;;163
0.003309965133666992;4.169994793386685e-05;0.0;0.0;False;10;auto;4;2;100;{'bootstrap': False, 'max_depth': 10, 'max_features': 'auto', 'min_samples_leaf': 4, 'min_samples_split': 2, 'n_estimators': 100};;;;;;;;163
0.0033354759216308594;2.534110241395035e-05;0.0;0.0;False;10;auto;4;2;200;{'bootstrap': False, 'max_depth': 10, 'max_features': 'auto', 'min_samples_leaf': 4, 'min_samples_split': 2, 'n_estimators': 200};;;;;;;;163
0.0033254146575927733;7.912011700665925e-05;0.0;0.0;False;10;auto;4;2;300;{'bootstrap': False, 'max_depth': 10, 'max_features': 'auto', 'min_samples_leaf': 4, 'min_samples_split': 2, 'n_estimators': 300};;;;;;;;163
0.0033709049224853516;2.3694344988992855e-05;0.0;0.0;False;10;auto;4;5;100;{'bootstrap': False, 'max_depth': 10, 'max_features': 'auto', 'min_samples_leaf': 4, 'min_samples_split': 5, 'n_estimators': 100};;;;;;;;163
0.0033035755157470705;3.068342444198926e-05;0.0;0.0;False;10;auto;4;5;200;{'bootstrap': False, 'max_depth': 10, 'max_features': 'auto', 'min_samples_leaf': 4, 'min_samples_split': 5, 'n_estimators': 200};;;;;;;;163
0.00332794189453125;2.325802262231198e-05;0.0;0.0;False;10;auto;4;5;300;{'bootstrap': False, 'max_depth': 10, 'max_features': 'auto', 'min_samples_leaf': 4, 'min_samples_split': 5, 'n_estimators': 300};;;;;;;;163
0.0033658027648925783;3.0221245415558112e-05;0.0;0.0;False;10;auto;4;10;100;{'bootstrap': False, 'max_depth': 10, 'max_features': 'auto', 'min_samples_leaf': 4, 'min_samples_split': 10, 'n_estimators': 100};;;;;;;;163
0.003340911865234375;7.410567988413358e-05;0.0;0.0;False;10;auto;4;10;200;{'bootstrap': False, 'max_depth': 10, 'max_features': 'auto', 'min_samples_leaf': 4, 'min_samples_split': 10, 'n_estimators': 200};;;;;;;;163
0.0033310890197753907;8.174810907521078e-05;0.0;0.0;False;10;auto;4;10;300;{'bootstrap': False, 'max_depth': 10, 'max_features': 'auto', 'min_samples_leaf': 4, 'min_samples_split': 10, 'n_estimators': 300};;;;;;;;163
4.834456062316894;0.02582741220771556;0.14273934364318847;0.0013667653211753648;False;10;sqrt;1;2;100;{'bootstrap': False, 'max_depth': 10, 'max_features': 'sqrt', 'min_samples_leaf': 1, 'min_samples_split': 2, 'n_estimators': 100};0.6772746228765201;0.6745733809363613;0.6824319653618736;0.6793701889543184;0.6714297144532778;0.6770159745164703;0.0037977558194868164;109
9.628595399856568;0.0488367847567992;0.2838289737701416;0.0009929716220514876;False;10;sqrt;1;2;200;{'bootstrap': False, 'max_depth': 10, 'max_features': 'sqrt', 'min_samples_leaf': 1, 'min_samples_split': 2, 'n_estimators': 200};0.6771444614519471;0.6736843286055244;0.6823290027179272;0.6792252871051944;0.6722802789537599;0.6769326717668706;0.0036501457470874354;112
14.410765409469604;0.07486574306647073;0.42760720252990725;0.013745879538250969;False;10;sqrt;1;2;300;{'bootstrap': False, 'max_depth': 10, 'max_features': 'sqrt', 'min_samples_leaf': 1, 'min_samples_split': 2, 'n_estimators': 300};0.6775789346745291;0.6733677244702452;0.6818616175922468;0.6801055942072635;0.670928568732615;0.6767684879353799;0.004084187075272567;116
4.80763258934021;0.022791326727843734;0.14338912963867187;0.0008328613757484354;False;10;sqrt;1;5;100;{'bootstrap': False, 'max_depth': 10, 'max_features': 'sqrt', 'min_samples_leaf': 1, 'min_samples_split': 5, 'n_estimators': 100};0.676551156394519;0.6732898381105462;0.6829255159195834;0.679635613982819;0.6716989919136634;0.6768202232642262;0.004097903126370412;115
9.60742220878601;0.03308821560352344;0.28226871490478517;0.0068569925102604295;False;10;sqrt;1;5;200;{'bootstrap': False, 'max_depth': 10, 'max_features': 'sqrt', 'min_samples_leaf': 1, 'min_samples_split': 5, 'n_estimators': 200};0.6777568047633185;0.6724985951819498;0.6814475993620075;0.679888681396343;0.6713932952965658;0.6765969952000368;0.003989588759955082;121
14.441393280029297;0.04389806767718112;0.42599825859069823;0.003914763779904031;False;10;sqrt;1;5;300;{'bootstrap': False, 'max_depth': 10, 'max_features': 'sqrt', 'min_samples_leaf': 1, 'min_samples_split': 5, 'n_estimators': 300};0.6772644270423318;0.6736691746418038;0.6810348585814978;0.679619545717868;0.6716057854376418;0.6766387582842286;0.003542640134896468;118
4.77417254447937;0.049533764054080026;0.14123334884643554;0.0006881808725145238;False;10;sqrt;1;10;100;{'bootstrap': False, 'max_depth': 10, 'max_features': 'sqrt', 'min_samples_leaf': 1, 'min_samples_split': 10, 'n_estimators': 100};0.6767420258759518;0.673542083082528;0.6811685226951559;0.6785782955170514;0.6713368628921664;0.6762735580125707;0.003502109945521765;127
9.596450853347779;0.01494939388928058;0.2827880382537842;0.009527070186020883;False;10;sqrt;1;10;200;{'bootstrap': False, 'max_depth': 10, 'max_features': 'sqrt', 'min_samples_leaf': 1, 'min_samples_split': 10, 'n_estimators': 200};0.6781275967305307;0.6739061609460879;0.6814253625018973;0.678951331762393;0.672056118499634;0.6768933140881086;0.003424029739036118;113
14.357227468490601;0.1100285521312886;0.41641874313354493;0.006710800792448601;False;10;sqrt;1;10;300;{'bootstrap': False, 'max_depth': 10, 'max_features': 'sqrt', 'min_samples_leaf': 1, 'min_samples_split': 10, 'n_estimators': 300};0.6779012434878386;0.6730667041043852;0.6821137555688607;0.6798028150548259;0.6721142123948178;0.6769997461221456;0.0038512399270137884;110
4.790358543395996;0.024667390213216497;0.14366731643676758;0.003841585220071182;False;10;sqrt;2;2;100;{'bootstrap': False, 'max_depth': 10, 'max_features': 'sqrt', 'min_samples_leaf': 2, 'min_samples_split': 2, 'n_estimators': 100};0.6769935666901138;0.6726820718118;0.6804857518252427;0.6781577255410155;0.670989933508394;0.6758618098753132;0.003515077662734751;143
9.568392086029053;0.028039005526518068;0.28972482681274414;0.0060733140630784875;False;10;sqrt;2;2;200;{'bootstrap': False, 'max_depth': 10, 'max_features': 'sqrt', 'min_samples_leaf': 2, 'min_samples_split': 2, 'n_estimators': 200};0.6757101295805692;0.6732584009045592;0.6814171207326883;0.6784509474229454;0.6714681931228972;0.6760609583527319;0.0035629040046081723;137
14.335243034362794;0.07241559636262253;0.4256302356719971;0.006252090751787724;False;10;sqrt;2;2;300;{'bootstrap': False, 'max_depth': 10, 'max_features': 'sqrt', 'min_samples_leaf': 2, 'min_samples_split': 2, 'n_estimators': 300};0.676545345814676;0.6739100612250827;0.6813728261658933;0.6793458778624453;0.6719415881258932;0.6766231398387982;0.003442574515277812;120
4.758393812179565;0.02972429320602369;0.14270482063293458;0.0021181453436201598;False;10;sqrt;2;5;100;{'bootstrap': False, 'max_depth': 10, 'max_features': 'sqrt', 'min_samples_leaf': 2, 'min_samples_split': 5, 'n_estimators': 100};0.6775258272807702;0.6719636977285095;0.6806587696216098;0.6789982425697532;0.671288043958281;0.6760869162317847;0.003780958486792724;133
9.515370655059815;0.026160945931573646;0.2795596122741699;0.0040114652774455185;False;10;sqrt;2;5;200;{'bootstrap': False, 'max_depth': 10, 'max_features': 'sqrt', 'min_samples_leaf': 2, 'min_samples_split': 5, 'n_estimators': 200};0.6765861140418163;0.6736558138828145;0.6824050559869481;0.6800865465945567;0.6715028144603752;0.6768472689933022;0.0040049643576490586;114
14.311468696594238;0.060887931557591715;0.4209569454193115;0.002947635333228763;False;10;sqrt;2;5;300;{'bootstrap': False, 'max_depth': 10, 'max_features': 'sqrt', 'min_samples_leaf': 2, 'min_samples_split': 5, 'n_estimators': 300};0.6764494508495684;0.6736050062208008;0.6814070513860399;0.679402147240313;0.671932970588934;0.6765593252571312;0.003513554220978446;122
4.731109189987182;0.034643357134975974;0.13997068405151367;0.002783706096678219;False;10;sqrt;2;10;100;{'bootstrap': False, 'max_depth': 10, 'max_features': 'sqrt', 'min_samples_leaf': 2, 'min_samples_split': 10, 'n_estimators': 100};0.6757730867949779;0.6719043670546432;0.6810150366118775;0.6791633642572056;0.6722119558649853;0.6760135621167379;0.0036422938701238827;139
9.498946189880371;0.04644455528903228;0.28148641586303713;0.0033561639845047526;False;10;sqrt;2;10;200;{'bootstrap': False, 'max_depth': 10, 'max_features': 'sqrt', 'min_samples_leaf': 2, 'min_samples_split': 10, 'n_estimators': 200};0.6774382864490623;0.6739291580933269;0.6818092195069283;0.6795628002634337;0.6721146379948892;0.6769708204615282;0.003554749138179511;111
14.272240161895752;0.06086963200533709;0.41964240074157716;0.004172242211199024;False;10;sqrt;2;10;300;{'bootstrap': False, 'max_depth': 10, 'max_features': 'sqrt', 'min_samples_leaf': 2, 'min_samples_split': 10, 'n_estimators': 300};0.6765979184133812;0.673392786836557;0.6818844555146208;0.6796089585512162;0.6720638266489418;0.6767095891929434;0.0036819109704746764;117
4.752926397323608;0.01924191604584761;0.14169683456420898;0.0027533009158729107;False;10;sqrt;4;2;100;{'bootstrap': False, 'max_depth': 10, 'max_features': 'sqrt', 'min_samples_leaf': 4, 'min_samples_split': 2, 'n_estimators': 100};0.6766234816834416;0.6717476636189934;0.6815184219755023;0.6769250295381549;0.6716030917431235;0.6756835377118431;0.003704370801451882;146
9.528128814697265;0.07141667341340242;0.28418307304382323;0.0023925041492844088;False;10;sqrt;4;2;200;{'bootstrap': False, 'max_depth': 10, 'max_features': 'sqrt', 'min_samples_leaf': 4, 'min_samples_split': 2, 'n_estimators': 200};0.6763055527480143;0.6730462654223003;0.6803775747406889;0.6790395812935776;0.6715909403666455;0.6760719829142453;0.003365531893732777;135
14.28746657371521;0.05833108089332398;0.420655345916748;0.0043987767276575445;False;10;sqrt;4;2;300;{'bootstrap': False, 'max_depth': 10, 'max_features': 'sqrt', 'min_samples_leaf': 4, 'min_samples_split': 2, 'n_estimators': 300};0.6772998020793114;0.6741435365884424;0.6804933810155256;0.6779823897403463;0.6709773641448356;0.6761792947136922;0.0032961317279181657;129
4.762313270568848;0.02599176447458363;0.14388346672058105;0.0017801111563396914;False;10;sqrt;4;5;100;{'bootstrap': False, 'max_depth': 10, 'max_features': 'sqrt', 'min_samples_leaf': 4, 'min_samples_split': 5, 'n_estimators': 100};0.6739396675249067;0.6729341195003093;0.6794063804643822;0.6788296969607708;0.6713457730577386;0.6752911275016216;0.003237422840455434;151
9.501909542083741;0.04026486196878592;0.2829123497009277;0.004760660979299684;False;10;sqrt;4;5;200;{'bootstrap': False, 'max_depth': 10, 'max_features': 'sqrt', 'min_samples_leaf': 4, 'min_samples_split': 5, 'n_estimators': 200};0.6755021524393572;0.6727880547778424;0.6805236487095503;0.6793429577093799;0.6716029477904091;0.6759519522853077;0.0035078692511930987;141
14.310492610931396;0.04235074165569402;0.41552162170410156;0.008387579519402371;False;10;sqrt;4;5;300;{'bootstrap': False, 'max_depth': 10, 'max_features': 'sqrt', 'min_samples_leaf': 4, 'min_samples_split': 5, 'n_estimators': 300};0.6763179455454033;0.6736148044160994;0.681123883401993;0.6791538571136762;0.6717214285116406;0.6763863837977625;0.0034511144559153857;124
4.7726329326629635;0.03024530085801035;0.1391976833343506;0.0017192537921567514;False;10;sqrt;4;10;100;{'bootstrap': False, 'max_depth': 10, 'max_features': 'sqrt', 'min_samples_leaf': 4, 'min_samples_split': 10, 'n_estimators': 100};0.6756128146161087;0.6742526489422975;0.6800522364921895;0.6793082689129453;0.671592674314145;0.6761637286555371;0.0031578124189800133;130
9.499895381927491;0.017989237815550396;0.27729411125183107;0.005300416337946949;False;10;sqrt;4;10;200;{'bootstrap': False, 'max_depth': 10, 'max_features': 'sqrt', 'min_samples_leaf': 4, 'min_samples_split': 10, 'n_estimators': 200};0.6753899385594688;0.6729171398636933;0.6808472981581197;0.6793735366292584;0.6717305046247584;0.6760516835670597;0.003548759930105178;138
14.263235998153686;0.0958264338045909;0.4209437847137451;0.001691652649245118;False;10;sqrt;4;10;300;{'bootstrap': False, 'max_depth': 10, 'max_features': 'sqrt', 'min_samples_leaf': 4, 'min_samples_split': 10, 'n_estimators': 300};0.6762006001311467;0.6732165414411747;0.6814416167760191;0.6792216768721108;0.6716391752759407;0.6763439220992784;0.00363878158698117;125
0.004254293441772461;0.0010114925164774432;0.0;0.0;False;20;auto;1;2;100;{'bootstrap': False, 'max_depth': 20, 'max_features': 'auto', 'min_samples_leaf': 1, 'min_samples_split': 2, 'n_estimators': 100};;;;;;;;163
0.0033191680908203126;3.841325092434803e-05;0.0;0.0;False;20;auto;1;2;200;{'bootstrap': False, 'max_depth': 20, 'max_features': 'auto', 'min_samples_leaf': 1, 'min_samples_split': 2, 'n_estimators': 200};;;;;;;;163
0.0032989978790283203;9.094673504751953e-05;0.0;0.0;False;20;auto;1;2;300;{'bootstrap': False, 'max_depth': 20, 'max_features': 'auto', 'min_samples_leaf': 1, 'min_samples_split': 2, 'n_estimators': 300};;;;;;;;163
0.003271484375;5.2552906591279466e-05;0.0;0.0;False;20;auto;1;5;100;{'bootstrap': False, 'max_depth': 20, 'max_features': 'auto', 'min_samples_leaf': 1, 'min_samples_split': 5, 'n_estimators': 100};;;;;;;;163
0.0032741546630859373;2.0196966819108656e-05;0.0;0.0;False;20;auto;1;5;200;{'bootstrap': False, 'max_depth': 20, 'max_features': 'auto', 'min_samples_leaf': 1, 'min_samples_split': 5, 'n_estimators': 200};;;;;;;;163
0.0032777309417724608;5.577617051301037e-05;0.0;0.0;False;20;auto;1;5;300;{'bootstrap': False, 'max_depth': 20, 'max_features': 'auto', 'min_samples_leaf': 1, 'min_samples_split': 5, 'n_estimators': 300};;;;;;;;163
0.003278636932373047;5.5614546203981675e-05;0.0;0.0;False;20;auto;1;10;100;{'bootstrap': False, 'max_depth': 20, 'max_features': 'auto', 'min_samples_leaf': 1, 'min_samples_split': 10, 'n_estimators': 100};;;;;;;;163
0.0032506465911865236;6.288710236633413e-05;0.0;0.0;False;20;auto;1;10;200;{'bootstrap': False, 'max_depth': 20, 'max_features': 'auto', 'min_samples_leaf': 1, 'min_samples_split': 10, 'n_estimators': 200};;;;;;;;163
0.003287935256958008;2.7771251541052763e-05;0.0;0.0;False;20;auto;1;10;300;{'bootstrap': False, 'max_depth': 20, 'max_features': 'auto', 'min_samples_leaf': 1, 'min_samples_split': 10, 'n_estimators': 300};;;;;;;;163
0.003310966491699219;3.595693658047532e-05;0.0;0.0;False;20;auto;2;2;100;{'bootstrap': False, 'max_depth': 20, 'max_features': 'auto', 'min_samples_leaf': 2, 'min_samples_split': 2, 'n_estimators': 100};;;;;;;;163
0.0033069133758544924;7.513861286342856e-05;0.0;0.0;False;20;auto;2;2;200;{'bootstrap': False, 'max_depth': 20, 'max_features': 'auto', 'min_samples_leaf': 2, 'min_samples_split': 2, 'n_estimators': 200};;;;;;;;163
0.0032915592193603514;3.898982882230856e-05;0.0;0.0;False;20;auto;2;2;300;{'bootstrap': False, 'max_depth': 20, 'max_features': 'auto', 'min_samples_leaf': 2, 'min_samples_split': 2, 'n_estimators': 300};;;;;;;;163
0.0032738685607910157;4.615345256254294e-05;0.0;0.0;False;20;auto;2;5;100;{'bootstrap': False, 'max_depth': 20, 'max_features': 'auto', 'min_samples_leaf': 2, 'min_samples_split': 5, 'n_estimators': 100};;;;;;;;163
0.0033222198486328124;4.561430336710684e-05;0.0;0.0;False;20;auto;2;5;200;{'bootstrap': False, 'max_depth': 20, 'max_features': 'auto', 'min_samples_leaf': 2, 'min_samples_split': 5, 'n_estimators': 200};;;;;;;;163
0.003358936309814453;5.639485960896782e-05;0.0;0.0;False;20;auto;2;5;300;{'bootstrap': False, 'max_depth': 20, 'max_features': 'auto', 'min_samples_leaf': 2, 'min_samples_split': 5, 'n_estimators': 300};;;;;;;;163
0.0033186912536621095;8.198058118019021e-05;0.0;0.0;False;20;auto;2;10;100;{'bootstrap': False, 'max_depth': 20, 'max_features': 'auto', 'min_samples_leaf': 2, 'min_samples_split': 10, 'n_estimators': 100};;;;;;;;163
0.0032682895660400392;2.678594272763489e-05;0.0;0.0;False;20;auto;2;10;200;{'bootstrap': False, 'max_depth': 20, 'max_features': 'auto', 'min_samples_leaf': 2, 'min_samples_split': 10, 'n_estimators': 200};;;;;;;;163
0.00334315299987793;4.365636242152721e-05;0.0;0.0;False;20;auto;2;10;300;{'bootstrap': False, 'max_depth': 20, 'max_features': 'auto', 'min_samples_leaf': 2, 'min_samples_split': 10, 'n_estimators': 300};;;;;;;;163
0.0032994747161865234;3.5160718822571604e-05;0.0;0.0;False;20;auto;4;2;100;{'bootstrap': False, 'max_depth': 20, 'max_features': 'auto', 'min_samples_leaf': 4, 'min_samples_split': 2, 'n_estimators': 100};;;;;;;;163
0.0033424854278564452;3.4882715871258976e-05;0.0;0.0;False;20;auto;4;2;200;{'bootstrap': False, 'max_depth': 20, 'max_features': 'auto', 'min_samples_leaf': 4, 'min_samples_split': 2, 'n_estimators': 200};;;;;;;;163
0.003307199478149414;3.195968815940815e-05;0.0;0.0;False;20;auto;4;2;300;{'bootstrap': False, 'max_depth': 20, 'max_features': 'auto', 'min_samples_leaf': 4, 'min_samples_split': 2, 'n_estimators': 300};;;;;;;;163
0.0033465862274169923;4.336770383841834e-05;0.0;0.0;False;20;auto;4;5;100;{'bootstrap': False, 'max_depth': 20, 'max_features': 'auto', 'min_samples_leaf': 4, 'min_samples_split': 5, 'n_estimators': 100};;;;;;;;163
0.0033383846282958986;3.616878210891416e-05;0.0;0.0;False;20;auto;4;5;200;{'bootstrap': False, 'max_depth': 20, 'max_features': 'auto', 'min_samples_leaf': 4, 'min_samples_split': 5, 'n_estimators': 200};;;;;;;;163
0.0033354759216308594;4.5891705882358924e-05;0.0;0.0;False;20;auto;4;5;300;{'bootstrap': False, 'max_depth': 20, 'max_features': 'auto', 'min_samples_leaf': 4, 'min_samples_split': 5, 'n_estimators': 300};;;;;;;;163
0.0036152362823486327;0.00024078976246694656;0.0;0.0;False;20;auto;4;10;100;{'bootstrap': False, 'max_depth': 20, 'max_features': 'auto', 'min_samples_leaf': 4, 'min_samples_split': 10, 'n_estimators': 100};;;;;;;;163
0.0033869266510009764;1.8276864105766886e-05;0.0;0.0;False;20;auto;4;10;200;{'bootstrap': False, 'max_depth': 20, 'max_features': 'auto', 'min_samples_leaf': 4, 'min_samples_split': 10, 'n_estimators': 200};;;;;;;;163
0.003393268585205078;5.4855882206983385e-05;0.0;0.0;False;20;auto;4;10;300;{'bootstrap': False, 'max_depth': 20, 'max_features': 'auto', 'min_samples_leaf': 4, 'min_samples_split': 10, 'n_estimators': 300};;;;;;;;163
10.993554830551147;0.10962564063739877;0.477491569519043;0.013185009987392854;False;20;sqrt;1;2;100;{'bootstrap': False, 'max_depth': 20, 'max_features': 'sqrt', 'min_samples_leaf': 1, 'min_samples_split': 2, 'n_estimators': 100};0.7008578975542654;0.7000606655619772;0.7081580818551858;0.7083497820324367;0.6937356829510576;0.7022324219909846;0.005501562622194769;105
21.95586223602295;0.20150033853861954;0.9581072330474854;0.014503129259794611;False;20;sqrt;1;2;200;{'bootstrap': False, 'max_depth': 20, 'max_features': 'sqrt', 'min_samples_leaf': 1, 'min_samples_split': 2, 'n_estimators': 200};0.7026209941187435;0.7027606345446835;0.7082243753524495;0.7085787201485844;0.6946031988446596;0.7033575846018241;0.005069202965037929;100
32.620812559127806;0.1849137316887221;1.4558075428009034;0.01812444338123255;False;20;sqrt;1;2;300;{'bootstrap': False, 'max_depth': 20, 'max_features': 'sqrt', 'min_samples_leaf': 1, 'min_samples_split': 2, 'n_estimators': 300};0.7019151648039545;0.7027888744016115;0.7086991790089814;0.7082354390648792;0.694850925830905;0.7032979166220664;0.005041339965609239;101
9.70831365585327;0.026632238911882405;0.42038469314575194;0.002067560954941357;False;20;sqrt;1;5;100;{'bootstrap': False, 'max_depth': 20, 'max_features': 'sqrt', 'min_samples_leaf': 1, 'min_samples_split': 5, 'n_estimators': 100};0.7042035608673267;0.7049478880703761;0.7111328379130363;0.7105313299767679;0.6969341389008035;0.705549951145662;0.00514568221100343;75
19.619451475143432;0.0573586530544411;0.8497775077819825;0.02340982362082623;False;20;sqrt;1;5;200;{'bootstrap': False, 'max_depth': 20, 'max_features': 'sqrt', 'min_samples_leaf': 1, 'min_samples_split': 5, 'n_estimators': 200};0.7048231891155061;0.7054134985142866;0.7126753840735007;0.711225589825714;0.6990498865605075;0.706637509617903;0.004896292345503504;55
29.485999250411986;0.0842711262732509;1.298697328567505;0.02409478947768538;False;20;sqrt;1;5;300;{'bootstrap': False, 'max_depth': 20, 'max_features': 'sqrt', 'min_samples_leaf': 1, 'min_samples_split': 5, 'n_estimators': 300};0.7050010455245018;0.706815923676958;0.712175734095525;0.7111245283768228;0.6987020070323602;0.7067638477412336;0.004825090852844398;52
9.064269256591796;0.010376851835569077;0.37831811904907225;0.011374810391653532;False;20;sqrt;1;10;100;{'bootstrap': False, 'max_depth': 20, 'max_features': 'sqrt', 'min_samples_leaf': 1, 'min_samples_split': 10, 'n_estimators': 100};0.7064628976168239;0.7063077690443766;0.7130326880052851;0.7126655906097272;0.6999154802119761;0.7076768850976378;0.00484064990764582;17
18.059766149520875;0.11645296584150663;0.7635905265808105;0.02230120731558577;False;20;sqrt;1;10;200;{'bootstrap': False, 'max_depth': 20, 'max_features': 'sqrt', 'min_samples_leaf': 1, 'min_samples_split': 10, 'n_estimators': 200};0.7068086733301738;0.7071689837701203;0.7142057873808727;0.712688230564186;0.7008464162451118;0.7083436182580929;0.004757826038220719;6
27.09799642562866;0.08561798714259809;1.1485444545745849;0.02614052363937955;False;20;sqrt;1;10;300;{'bootstrap': False, 'max_depth': 20, 'max_features': 'sqrt', 'min_samples_leaf': 1, 'min_samples_split': 10, 'n_estimators': 300};0.7079226454112542;0.7079369942795484;0.7133984451933908;0.7135205479895673;0.7008775978948769;0.7087312461537275;0.0046407891812648636;2
9.59000506401062;0.03581930556329708;0.4265167713165283;0.02004593742683672;False;20;sqrt;2;2;100;{'bootstrap': False, 'max_depth': 20, 'max_features': 'sqrt', 'min_samples_leaf': 2, 'min_samples_split': 2, 'n_estimators': 100};0.7053483934054513;0.7045898377431283;0.7113998298302969;0.712164434010449;0.6983628620809212;0.7063730714140494;0.005043838256828559;64
19.245213174819945;0.06605901306430893;0.855627965927124;0.031154967222302814;False;20;sqrt;2;2;200;{'bootstrap': False, 'max_depth': 20, 'max_features': 'sqrt', 'min_samples_leaf': 2, 'min_samples_split': 2, 'n_estimators': 200};0.7055349079164348;0.7065971634917091;0.7116634337276675;0.7121831788030759;0.7003800808832192;0.7072717529644214;0.004344555430584357;30
28.822054052352904;0.1184291455088679;1.30458664894104;0.04985910654885289;False;20;sqrt;2;2;300;{'bootstrap': False, 'max_depth': 20, 'max_features': 'sqrt', 'min_samples_leaf': 2, 'min_samples_split': 2, 'n_estimators': 300};0.7054857883931787;0.7074577712326343;0.7126489342041078;0.7131206530260816;0.6998946243568609;0.7077215542425728;0.004894045418770093;16
9.390026187896728;0.020416755820479866;0.4068578243255615;0.008341206023171812;False;20;sqrt;2;5;100;{'bootstrap': False, 'max_depth': 20, 'max_features': 'sqrt', 'min_samples_leaf': 2, 'min_samples_split': 5, 'n_estimators': 100};0.7054952544189304;0.7057599552557816;0.7111550173116976;0.7122124926788398;0.7000609109913212;0.7069367261313142;0.004390151646058539;48
19.05523886680603;0.13988600539204518;0.8214736461639405;0.014742283474575988;False;20;sqrt;2;5;200;{'bootstrap': False, 'max_depth': 20, 'max_features': 'sqrt', 'min_samples_leaf': 2, 'min_samples_split': 5, 'n_estimators': 200};0.7062012752395215;0.7060926352824798;0.7124660264468752;0.7137119868921584;0.699119698984187;0.7075183245690444;0.005237276533418781;23
28.26575312614441;0.07861793489582117;1.2694496631622314;0.03537730075661925;False;20;sqrt;2;5;300;{'bootstrap': False, 'max_depth': 20, 'max_features': 'sqrt', 'min_samples_leaf': 2, 'min_samples_split': 5, 'n_estimators': 300};0.7058965109221147;0.7075639458301579;0.7123556792189534;0.7122860930447443;0.6999698514960884;0.7076144161024116;0.004597765867699765;20
8.870310592651368;0.07343403106685399;0.3625945091247559;0.004186184693765044;False;20;sqrt;2;10;100;{'bootstrap': False, 'max_depth': 20, 'max_features': 'sqrt', 'min_samples_leaf': 2, 'min_samples_split': 10, 'n_estimators': 100};0.7063064515245904;0.7080452867165252;0.7110494539452026;0.7125178752179548;0.6997089885958748;0.7075256112000297;0.004476520291695879;22
17.63584747314453;0.08690571755122174;0.7240770339965821;0.01194991399572213;False;20;sqrt;2;10;200;{'bootstrap': False, 'max_depth': 20, 'max_features': 'sqrt', 'min_samples_leaf': 2, 'min_samples_split': 10, 'n_estimators': 200};0.7069617456252247;0.7078752181974421;0.7132889212944804;0.7132333636552081;0.7015385190972745;0.708579553573926;0.004393760348104688;4
26.580154752731325;0.1385091999777203;1.1075810432434081;0.027644904828526017;False;20;sqrt;2;10;300;{'bootstrap': False, 'max_depth': 20, 'max_features': 'sqrt', 'min_samples_leaf': 2, 'min_samples_split': 10, 'n_estimators': 300};0.7069732868448438;0.7078209625393943;0.7134299225930463;0.7128748334404786;0.7015968997653407;0.7085391810366207;0.004333136656464718;5
8.66939058303833;0.028380025942787594;0.3494312286376953;0.0021227881970385604;False;20;sqrt;4;2;100;{'bootstrap': False, 'max_depth': 20, 'max_features': 'sqrt', 'min_samples_leaf': 4, 'min_samples_split': 2, 'n_estimators': 100};0.7054664376891893;0.706018083957594;0.7102376281761171;0.7109076025708203;0.7000347327123366;0.7065328970212115;0.003911306404728995;59
17.349611139297487;0.04383068862278006;0.7005156993865966;0.00782438709695283;False;20;sqrt;4;2;200;{'bootstrap': False, 'max_depth': 20, 'max_features': 'sqrt', 'min_samples_leaf': 4, 'min_samples_split': 2, 'n_estimators': 200};0.7060111139400536;0.7063008773505989;0.7106742825945775;0.7119975126502838;0.70043073739484;0.7070829047860707;0.00407585570281409;40
26.056173181533815;0.09186787624064764;1.0771169662475586;0.027309804054306632;False;20;sqrt;4;2;300;{'bootstrap': False, 'max_depth': 20, 'max_features': 'sqrt', 'min_samples_leaf': 4, 'min_samples_split': 2, 'n_estimators': 300};0.7060104356865393;0.7072726682021513;0.710368910579724;0.712023776252453;0.7006746386246594;0.7072700858691053;0.003931588392826091;31
8.692490482330323;0.028913488180845368;0.35083656311035155;0.005283125753166547;False;20;sqrt;4;5;100;{'bootstrap': False, 'max_depth': 20, 'max_features': 'sqrt', 'min_samples_leaf': 4, 'min_samples_split': 5, 'n_estimators': 100};0.7053854618841477;0.7068097945506226;0.7101935044639625;0.7117221743012592;0.701007306608181;0.7070236483616347;0.0037696124521399894;41
17.383805131912233;0.06955751889060188;0.706336259841919;0.009891384612797259;False;20;sqrt;4;5;200;{'bootstrap': False, 'max_depth': 20, 'max_features': 'sqrt', 'min_samples_leaf': 4, 'min_samples_split': 5, 'n_estimators': 200};0.7063456839353408;0.7057240865734833;0.710466347852432;0.7119470740231143;0.7000365944567473;0.7069039573682235;0.004171045174362878;49
26.107904958724976;0.04332208703946234;1.0933880805969238;0.02141980699445466;False;20;sqrt;4;5;300;{'bootstrap': False, 'max_depth': 20, 'max_features': 'sqrt', 'min_samples_leaf': 4, 'min_samples_split': 5, 'n_estimators': 300};0.7058082404169217;0.7071046173225386;0.7111869184918236;0.7121139114562491;0.7000567939105846;0.7072540963196235;0.00431274619307532;32
8.572857332229614;0.0394506679346105;0.34593687057495115;0.003867221497052084;False;20;sqrt;4;10;100;{'bootstrap': False, 'max_depth': 20, 'max_features': 'sqrt', 'min_samples_leaf': 4, 'min_samples_split': 10, 'n_estimators': 100};0.7049040258406492;0.706621325759171;0.7111455754085824;0.7116816317655656;0.7004497022402582;0.7069604522028452;0.0041602536921180695;46
17.066700410842895;0.04970172451712255;0.6971320152282715;0.016682316670744535;False;20;sqrt;4;10;200;{'bootstrap': False, 'max_depth': 20, 'max_features': 'sqrt', 'min_samples_leaf': 4, 'min_samples_split': 10, 'n_estimators': 200};0.7063072925051079;0.7060651605345778;0.7110500019280426;0.7111081380675821;0.7003768945065832;0.7069814975083787;0.003962244241966982;45
25.595083141326903;0.09822051112750138;1.0703784465789794;0.026243139839207237;False;20;sqrt;4;10;300;{'bootstrap': False, 'max_depth': 20, 'max_features': 'sqrt', 'min_samples_leaf': 4, 'min_samples_split': 10, 'n_estimators': 300};0.7059947705337217;0.7061274827143507;0.7112982016108016;0.7116426874811208;0.701132041368183;0.7072390367416356;0.0038973863681585784;33
0.004285573959350586;0.0009093392876079027;0.0;0.0;False;30;auto;1;2;100;{'bootstrap': False, 'max_depth': 30, 'max_features': 'auto', 'min_samples_leaf': 1, 'min_samples_split': 2, 'n_estimators': 100};;;;;;;;163
0.0033971309661865235;1.7037572494089545e-05;0.0;0.0;False;30;auto;1;2;200;{'bootstrap': False, 'max_depth': 30, 'max_features': 'auto', 'min_samples_leaf': 1, 'min_samples_split': 2, 'n_estimators': 200};;;;;;;;163
0.0034035205841064452;2.920743395008272e-05;0.0;0.0;False;30;auto;1;2;300;{'bootstrap': False, 'max_depth': 30, 'max_features': 'auto', 'min_samples_leaf': 1, 'min_samples_split': 2, 'n_estimators': 300};;;;;;;;163
0.003416109085083008;1.4307816568175579e-05;0.0;0.0;False;30;auto;1;5;100;{'bootstrap': False, 'max_depth': 30, 'max_features': 'auto', 'min_samples_leaf': 1, 'min_samples_split': 5, 'n_estimators': 100};;;;;;;;163
0.0034291744232177734;5.945453816077174e-05;0.0;0.0;False;30;auto;1;5;200;{'bootstrap': False, 'max_depth': 30, 'max_features': 'auto', 'min_samples_leaf': 1, 'min_samples_split': 5, 'n_estimators': 200};;;;;;;;163
0.0033756256103515624;3.2245828570877606e-05;0.0;0.0;False;30;auto;1;5;300;{'bootstrap': False, 'max_depth': 30, 'max_features': 'auto', 'min_samples_leaf': 1, 'min_samples_split': 5, 'n_estimators': 300};;;;;;;;163
0.0033917903900146486;7.727519473291535e-05;0.0;0.0;False;30;auto;1;10;100;{'bootstrap': False, 'max_depth': 30, 'max_features': 'auto', 'min_samples_leaf': 1, 'min_samples_split': 10, 'n_estimators': 100};;;;;;;;163
0.0033476829528808595;3.9444666068683685e-05;0.0;0.0;False;30;auto;1;10;200;{'bootstrap': False, 'max_depth': 30, 'max_features': 'auto', 'min_samples_leaf': 1, 'min_samples_split': 10, 'n_estimators': 200};;;;;;;;163
0.003316450119018555;4.123536000384374e-05;0.0;0.0;False;30;auto;1;10;300;{'bootstrap': False, 'max_depth': 30, 'max_features': 'auto', 'min_samples_leaf': 1, 'min_samples_split': 10, 'n_estimators': 300};;;;;;;;163
0.0033616065979003907;3.1560929007274763e-05;0.0;0.0;False;30;auto;2;2;100;{'bootstrap': False, 'max_depth': 30, 'max_features': 'auto', 'min_samples_leaf': 2, 'min_samples_split': 2, 'n_estimators': 100};;;;;;;;163
0.003355884552001953;2.5443004861993173e-05;0.0;0.0;False;30;auto;2;2;200;{'bootstrap': False, 'max_depth': 30, 'max_features': 'auto', 'min_samples_leaf': 2, 'min_samples_split': 2, 'n_estimators': 200};;;;;;;;163
0.003399515151977539;4.045973824401334e-05;0.0;0.0;False;30;auto;2;2;300;{'bootstrap': False, 'max_depth': 30, 'max_features': 'auto', 'min_samples_leaf': 2, 'min_samples_split': 2, 'n_estimators': 300};;;;;;;;163
0.003382301330566406;2.355237697201358e-05;0.0;0.0;False;30;auto;2;5;100;{'bootstrap': False, 'max_depth': 30, 'max_features': 'auto', 'min_samples_leaf': 2, 'min_samples_split': 5, 'n_estimators': 100};;;;;;;;163
0.0033367633819580077;5.099117407175989e-05;0.0;0.0;False;30;auto;2;5;200;{'bootstrap': False, 'max_depth': 30, 'max_features': 'auto', 'min_samples_leaf': 2, 'min_samples_split': 5, 'n_estimators': 200};;;;;;;;163
0.003326702117919922;2.0199218256218563e-05;0.0;0.0;False;30;auto;2;5;300;{'bootstrap': False, 'max_depth': 30, 'max_features': 'auto', 'min_samples_leaf': 2, 'min_samples_split': 5, 'n_estimators': 300};;;;;;;;163
0.0033827304840087892;2.6357667250655338e-05;0.0;0.0;False;30;auto;2;10;100;{'bootstrap': False, 'max_depth': 30, 'max_features': 'auto', 'min_samples_leaf': 2, 'min_samples_split': 10, 'n_estimators': 100};;;;;;;;163
0.0033460617065429687;3.406253122526644e-05;0.0;0.0;False;30;auto;2;10;200;{'bootstrap': False, 'max_depth': 30, 'max_features': 'auto', 'min_samples_leaf': 2, 'min_samples_split': 10, 'n_estimators': 200};;;;;;;;163
0.003347301483154297;7.184886982373891e-05;0.0;0.0;False;30;auto;2;10;300;{'bootstrap': False, 'max_depth': 30, 'max_features': 'auto', 'min_samples_leaf': 2, 'min_samples_split': 10, 'n_estimators': 300};;;;;;;;163
0.003429889678955078;9.192908438993296e-05;0.0;0.0;False;30;auto;4;2;100;{'bootstrap': False, 'max_depth': 30, 'max_features': 'auto', 'min_samples_leaf': 4, 'min_samples_split': 2, 'n_estimators': 100};;;;;;;;163
0.0033568859100341795;2.6702625409675528e-05;0.0;0.0;False;30;auto;4;2;200;{'bootstrap': False, 'max_depth': 30, 'max_features': 'auto', 'min_samples_leaf': 4, 'min_samples_split': 2, 'n_estimators': 200};;;;;;;;163
0.003341197967529297;3.7427920252209484e-05;0.0;0.0;False;30;auto;4;2;300;{'bootstrap': False, 'max_depth': 30, 'max_features': 'auto', 'min_samples_leaf': 4, 'min_samples_split': 2, 'n_estimators': 300};;;;;;;;163
0.003308868408203125;5.1991346474122996e-05;0.0;0.0;False;30;auto;4;5;100;{'bootstrap': False, 'max_depth': 30, 'max_features': 'auto', 'min_samples_leaf': 4, 'min_samples_split': 5, 'n_estimators': 100};;;;;;;;163
0.0033099174499511717;3.981530308985769e-05;0.0;0.0;False;30;auto;4;5;200;{'bootstrap': False, 'max_depth': 30, 'max_features': 'auto', 'min_samples_leaf': 4, 'min_samples_split': 5, 'n_estimators': 200};;;;;;;;163
0.0033957958221435547;3.0307118581086268e-05;0.0;0.0;False;30;auto;4;5;300;{'bootstrap': False, 'max_depth': 30, 'max_features': 'auto', 'min_samples_leaf': 4, 'min_samples_split': 5, 'n_estimators': 300};;;;;;;;163
0.003373384475708008;1.6309643248735922e-05;0.0;0.0;False;30;auto;4;10;100;{'bootstrap': False, 'max_depth': 30, 'max_features': 'auto', 'min_samples_leaf': 4, 'min_samples_split': 10, 'n_estimators': 100};;;;;;;;163
0.0032831668853759766;1.2726818590627462e-05;0.0;0.0;False;30;auto;4;10;200;{'bootstrap': False, 'max_depth': 30, 'max_features': 'auto', 'min_samples_leaf': 4, 'min_samples_split': 10, 'n_estimators': 200};;;;;;;;163
0.0033732891082763673;5.268211211581451e-05;0.0;0.0;False;30;auto;4;10;300;{'bootstrap': False, 'max_depth': 30, 'max_features': 'auto', 'min_samples_leaf': 4, 'min_samples_split': 10, 'n_estimators': 300};;;;;;;;163
14.374096155166626;0.08231126998522093;0.7074155330657959;0.017274820255302657;False;30;sqrt;1;2;100;{'bootstrap': False, 'max_depth': 30, 'max_features': 'sqrt', 'min_samples_leaf': 1, 'min_samples_split': 2, 'n_estimators': 100};0.6941463506779908;0.6978164433193697;0.7030523997465291;0.7003276592551995;0.686465075841161;0.69636158576805;0.005752591004616182;108
28.791044664382934;0.08066634137327719;1.3692203044891358;0.029001239750817028;False;30;sqrt;1;2;200;{'bootstrap': False, 'max_depth': 30, 'max_features': 'sqrt', 'min_samples_leaf': 1, 'min_samples_split': 2, 'n_estimators': 200};0.6967102650832395;0.6976918144968374;0.7024027650189175;0.7030789008123448;0.6879471788224221;0.6975661848467523;0.005423213132926529;107
43.908380365371706;0.6567496966527415;2.0658484935760497;0.03914980142371155;False;30;sqrt;1;2;300;{'bootstrap': False, 'max_depth': 30, 'max_features': 'sqrt', 'min_samples_leaf': 1, 'min_samples_split': 2, 'n_estimators': 300};0.6966456323480539;0.6974194590668008;0.7034033608168184;0.703204513173123;0.6894326069618122;0.6980211144733216;0.005135223449151333;106
11.79822006225586;0.18620645749744874;0.5530766010284424;0.012685010451336487;False;30;sqrt;1;5;100;{'bootstrap': False, 'max_depth': 30, 'max_features': 'sqrt', 'min_samples_leaf': 1, 'min_samples_split': 5, 'n_estimators': 100};0.7016436721303578;0.7047513158468652;0.7088362217148196;0.708664512084286;0.6946112719682287;0.7037013987489115;0.005271923188157372;96
23.491890525817873;0.07537835003987574;1.1426601886749268;0.015023413527303863;False;30;sqrt;1;5;200;{'bootstrap': False, 'max_depth': 30, 'max_features': 'sqrt', 'min_samples_leaf': 1, 'min_samples_split': 5, 'n_estimators': 200};0.7015049373698538;0.7048926246761638;0.7099131998218366;0.7084278448199655;0.6956584417353221;0.7040794096846283;0.005121404553761888;89
35.22479610443115;0.0708443898114244;1.7520715236663817;0.07766018961886718;False;30;sqrt;1;5;300;{'bootstrap': False, 'max_depth': 30, 'max_features': 'sqrt', 'min_samples_leaf': 1, 'min_samples_split': 5, 'n_estimators': 300};0.7034656167336256;0.7049312935139266;0.7112711873172379;0.7099414794103696;0.6966144467879392;0.7052448047526199;0.005217718228462096;77
10.220713901519776;0.09943739485823563;0.45961904525756836;0.009313333075095662;False;30;sqrt;1;10;100;{'bootstrap': False, 'max_depth': 30, 'max_features': 'sqrt', 'min_samples_leaf': 1, 'min_samples_split': 10, 'n_estimators': 100};0.7066093782913219;0.7074761323515424;0.711826406380348;0.7122650309186438;0.698805091913723;0.7073964079711159;0.004853140397777973;27
20.397214269638063;0.0749258668773236;0.9022885322570801;0.011027181872829975;False;30;sqrt;1;10;200;{'bootstrap': False, 'max_depth': 30, 'max_features': 'sqrt', 'min_samples_leaf': 1, 'min_samples_split': 10, 'n_estimators': 200};0.7072164231404166;0.707428132991998;0.7132343874451396;0.7126467720903948;0.7003185591478365;0.7081688549631572;0.00466463934142814;9
30.608824062347413;0.17634154897349635;1.3797178268432617;0.012230019756202831;False;30;sqrt;1;10;300;{'bootstrap': False, 'max_depth': 30, 'max_features': 'sqrt', 'min_samples_leaf': 1, 'min_samples_split': 10, 'n_estimators': 300};0.7082118715581879;0.7079243684915875;0.7134993072635218;0.7136501401124307;0.700705973263504;0.7087983321378464;0.004737789112488693;1
11.310120439529419;0.06660353088603882;0.5345128536224365;0.020020792200951938;False;30;sqrt;2;2;100;{'bootstrap': False, 'max_depth': 30, 'max_features': 'sqrt', 'min_samples_leaf': 2, 'min_samples_split': 2, 'n_estimators': 100};0.7040778105267245;0.7049464042240248;0.7098787653679053;0.7105534899134531;0.6967603524415635;0.7052433644947342;0.004961704710409154;78
22.60917992591858;0.14867857936366344;1.072620153427124;0.028296709927079458;False;30;sqrt;2;2;200;{'bootstrap': False, 'max_depth': 30, 'max_features': 'sqrt', 'min_samples_leaf': 2, 'min_samples_split': 2, 'n_estimators': 200};0.704080422067952;0.7063381429293041;0.7110831942554264;0.7113537957365585;0.6986194980728639;0.7062950106124208;0.004739995044180762;65
33.86550469398499;0.07385122317147229;1.6279286861419677;0.04452103915915891;False;30;sqrt;2;2;300;{'bootstrap': False, 'max_depth': 30, 'max_features': 'sqrt', 'min_samples_leaf': 2, 'min_samples_split': 2, 'n_estimators': 300};0.7052902329639469;0.7067501254275341;0.7110452037502909;0.7106889607267528;0.698216656954396;0.7063982359645842;0.0046539093358077014;62
10.96461753845215;0.06271077001388635;0.505356740951538;0.0059318966292894225;False;30;sqrt;2;5;100;{'bootstrap': False, 'max_depth': 30, 'max_features': 'sqrt', 'min_samples_leaf': 2, 'min_samples_split': 5, 'n_estimators': 100};0.7056782988871378;0.7055391058210567;0.709904331317958;0.7095021516998903;0.6984519329229377;0.7058151641297961;0.004114055899593351;74
21.84133610725403;0.06648036209985392;1.0465456962585449;0.020954053468316306;False;30;sqrt;2;5;200;{'bootstrap': False, 'max_depth': 30, 'max_features': 'sqrt', 'min_samples_leaf': 2, 'min_samples_split': 5, 'n_estimators': 200};0.7053067055114579;0.7068537188884887;0.7116661281637202;0.7108565342882959;0.6982475519048961;0.7065861277513719;0.00480173197111505;56
32.81028122901917;0.13861773241391664;1.5704391956329347;0.03843213151242361;False;30;sqrt;2;5;300;{'bootstrap': False, 'max_depth': 30, 'max_features': 'sqrt', 'min_samples_leaf': 2, 'min_samples_split': 5, 'n_estimators': 300};0.7058968694273491;0.7077691186493346;0.7122033655327367;0.7114772355875042;0.6983689353136663;0.7071431049021182;0.004966326096522117;37
9.758747768402099;0.024513258194570887;0.43155498504638673;0.011103207436114508;False;30;sqrt;2;10;100;{'bootstrap': False, 'max_depth': 30, 'max_features': 'sqrt', 'min_samples_leaf': 2, 'min_samples_split': 10, 'n_estimators': 100};0.7066279478267903;0.707806006171098;0.7121805717676488;0.7125463078557868;0.699708224481888;0.7077738116206423;0.004659699379223779;12
19.57246356010437;0.05770521751803907;0.8631270408630372;0.013131557145202727;False;30;sqrt;2;10;200;{'bootstrap': False, 'max_depth': 30, 'max_features': 'sqrt', 'min_samples_leaf': 2, 'min_samples_split': 10, 'n_estimators': 200};0.7078882076783806;0.7071606046635457;0.7123946851811426;0.7135325817916032;0.7007278447568954;0.7083407848143135;0.004537474443071771;7
29.413470840454103;0.1127305512938816;1.306898307800293;0.015368452144931172;False;30;sqrt;2;10;300;{'bootstrap': False, 'max_depth': 30, 'max_features': 'sqrt', 'min_samples_leaf': 2, 'min_samples_split': 10, 'n_estimators': 300};0.7063735982210129;0.7083838911275854;0.7133614355573616;0.7133337397477104;0.7015638069664252;0.7086032943240191;0.004462983007698951;3
9.500289869308471;0.06970263224067472;0.413006591796875;0.008558994209556324;False;30;sqrt;4;2;100;{'bootstrap': False, 'max_depth': 30, 'max_features': 'sqrt', 'min_samples_leaf': 4, 'min_samples_split': 2, 'n_estimators': 100};0.7057022739966862;0.7066086135562998;0.7094203325892801;0.7115104429662777;0.7001293304506662;0.7066741987118419;0.003865611190538458;54
18.95010576248169;0.02989083608625673;0.8324511528015137;0.016156024813590256;False;30;sqrt;4;2;200;{'bootstrap': False, 'max_depth': 30, 'max_features': 'sqrt', 'min_samples_leaf': 4, 'min_samples_split': 2, 'n_estimators': 200};0.7061515177046276;0.7068114897623508;0.7110468337042977;0.712388837498317;0.7009688309382575;0.7074735019215701;0.004035489334180777;25
28.5465304851532;0.19790575887535244;1.2496620655059814;0.014601181057658725;False;30;sqrt;4;2;300;{'bootstrap': False, 'max_depth': 30, 'max_features': 'sqrt', 'min_samples_leaf': 4, 'min_samples_split': 2, 'n_estimators': 300};0.706512951999954;0.7073855873318581;0.7116545702928738;0.7122224004361947;0.701012344153952;0.7077575708429665;0.004057261117854166;14
9.499985265731812;0.05071449324919607;0.41239476203918457;0.002328724064603461;False;30;sqrt;4;5;100;{'bootstrap': False, 'max_depth': 30, 'max_features': 'sqrt', 'min_samples_leaf': 4, 'min_samples_split': 5, 'n_estimators': 100};0.7059906539332399;0.7057261555786384;0.7110388059153719;0.7116447849484873;0.6984226837092447;0.7065646168169964;0.0047570999927161696;57
19.04686336517334;0.11366727165613984;0.8388999462127685;0.018681012841709522;False;30;sqrt;4;5;200;{'bootstrap': False, 'max_depth': 30, 'max_features': 'sqrt', 'min_samples_leaf': 4, 'min_samples_split': 5, 'n_estimators': 200};0.7062669472052807;0.7075249788741551;0.711907502330305;0.7116929123100977;0.7009770894313038;0.7076738860302284;0.004023053917118127;18
28.661141681671143;0.22001635823745047;1.25734543800354;0.005447123134840997;False;30;sqrt;4;5;300;{'bootstrap': False, 'max_depth': 30, 'max_features': 'sqrt', 'min_samples_leaf': 4, 'min_samples_split': 5, 'n_estimators': 300};0.705900093784321;0.7069155308642283;0.7117708573003351;0.7122383591421546;0.700679284294579;0.7075008250771235;0.004245367659930492;24
9.20915937423706;0.022086127545884553;0.39745373725891114;0.008204126724557151;False;30;sqrt;4;10;100;{'bootstrap': False, 'max_depth': 30, 'max_features': 'sqrt', 'min_samples_leaf': 4, 'min_samples_split': 10, 'n_estimators': 100};0.704971020197682;0.7066226514981826;0.7109573964155567;0.711274214281638;0.6996354517869192;0.7066921468359957;0.004288397079914846;53
18.662584829330445;0.1042300237045019;0.8015093803405762;0.013663060893491575;False;30;sqrt;4;10;200;{'bootstrap': False, 'max_depth': 30, 'max_features': 'sqrt', 'min_samples_leaf': 4, 'min_samples_split': 10, 'n_estimators': 200};0.7067685615396784;0.7073359660319524;0.7102640957948345;0.7119428791255527;0.7005032427362968;0.707362949045663;0.003919234803835159;28
27.81706008911133;0.05700624060320736;1.210240125656128;0.01636459426989279;False;30;sqrt;4;10;300;{'bootstrap': False, 'max_depth': 30, 'max_features': 'sqrt', 'min_samples_leaf': 4, 'min_samples_split': 10, 'n_estimators': 300};0.7064032197207595;0.7071465106825479;0.7124879600227567;0.712339857291346;0.7003344350905245;0.707742396561587;0.00448739090060713;15
